# NW-wind vp-process trajectory (Friedland et al. 2026), 18 columns, CGS/MeV units.
# Time is post-bounce; t_launch = 2.5 s. vp_process reads columns 1-4 (time,
# radius, temperature, density); columns 5-18 are reference / neutrino data.
#
#  1: time          [s]
#  2: radius        [cm]
#  3: temperature   [MeV]
#  4: density       [g/cm^3]
#  5: velocity      [cm/s]
#  6: Ye
#  7: entropy       [k_B/baryon]
#  8: Mdot          [Msun/s]
#  9: L_nue         [erg/s]
# 10: <E>_nue       [MeV]
# 11: Erms_nue      [MeV]
# 12: alpha_nue     (spectral pinch)
# 13: L_nuebar      [erg/s]
# 14: <E>_nuebar    [MeV]
# 15: Erms_nuebar   [MeV]
# 16: alpha_nuebar  (spectral pinch)
# 17: r(rho=1e11)   [cm]
# 18: M_grav        [Msun]
2.5  1.5121687720162799e6  3.3689255973451186  3.3353094307203197e9  935874.7591048081  0.6  6.  6.03127203110655e26  4.245714617988434e51  9.7  10.779888682171073  3.2543859510336794  3.4800939491708475e51  11.7  13.123414189912623  2.874172185255532  1.5121687720162845e6  1.8
2.50150150150151  1.5135739893723e6  3.3438268439209566  3.1477698744004903e9  989792.3887007049  0.6  6.21628731111546  6.03127203110655e26  4.24359016738578e51  9.7  10.779888682171073  3.2543859510336794  3.478352596217853e51  11.7  13.123414189912623  2.874172185255532  1.51197020486807e6  1.8
2.50300300300301  1.51506016413011e6  3.318288099137824  2.95935196737746e9  1.05074665688822e6  0.6  6.46156216991482  6.03127203110655e26  4.241466779805685e51  9.7  10.779888682171073  3.2543859510336794  3.476612114594824e51  11.7  13.123414189912623  2.874172185255532  1.5117718744051976e6  1.8
2.50450450450451  1.51663786181312e6  3.292321699999645  2.76711039991667e9  1.12140921911887e6  0.6  6.74933385860464  6.03127203110655e26  4.239344454716227e51  9.7  10.779888682171073  3.2543859510336794  3.47487250386576e51  11.7  13.123414189912623  2.874172185255532  1.5115737802038153e6  1.8
2.50600600600601  1.51832165943943e6  3.2659130765487854  2.57331600657484e9  1.2031885764291699e6  0.6  7.08418027389308  6.03127203110655e26  4.2372231915857604e51  9.7  10.779888682171073  3.2543859510336794  3.4731337635948857e51  11.7  13.123414189912623  2.874172185255532  1.5113759218410857e6  1.8
2.50750750750751  1.5201282488935199e6  3.239041353168754  2.38102317157777e9  1.29726982226526e6  0.6  7.46865626182107  6.03127203110655e26  4.235102989882907e51  9.7  10.779888682171073  3.2543859510336794  3.471395893346645e51  11.7  13.123414189912623  2.874172185255532  1.5111782988951812e6  1.8
2.5090090090090102  1.52207610147951e6  3.211682675327357  2.19315846735112e9  1.4047907851736099e6  0.6  7.9044508981701  6.03127203110655e26  4.2329838490765555e51  9.7  10.779888682171073  3.2543859510336794  3.4696588926857014e51  11.7  13.123414189912623  2.874172185255532  1.5109809109452798e6  1.8
2.51051051051052  1.52418539695274e6  3.1838115948755883  2.0121764790847101e9  1.52690752445593e6  0.6  8.39279240045304  6.03127203110655e26  4.230865768635846e51  9.7  10.779888682171073  3.2543859510336794  3.467922761176923e51  11.7  13.123414189912623  2.874172185255532  1.5107837575715622e6  1.8
2.51201201201202  1.52647805089337e6  3.1554018405914  1.83994230525376e9  1.6648268127846401e6  0.6  8.93462440692741  6.03127203110655e26  4.228748748030225e51  9.7  10.779888682171073  3.2543859510336794  3.46618749838543e51  11.7  13.123414189912623  2.874172185255532  1.5105868383552134e6  1.8
2.5135135135135203  1.5289777908525001e6  3.1264268299601485  1.67773087090206e9  1.8198254916033798e6  0.6  9.53068978951713  6.03127203110655e26  4.2266327867293627e51  9.7  10.779888682171073  3.2543859510336794  3.4644531038765275e51  11.7  13.123414189912623  2.874172185255532  1.5103901528784127e6  1.8
2.5150150150150203  1.53171026156062e6  3.0968600072462382  1.52628762205567e9  1.9932637475291998e6  0.6  10.1815706102465  6.03127203110655e26  4.22451788420321e51  9.7  10.779888682171073  3.2543859510336794  3.462719577215746e51  11.7  13.123414189912623  2.874172185255532  1.5101937007243335e6  1.8
2.5165165165165204  1.53470315007042e6  3.0666751023642567  1.3859170584195101e9  2.18659517116259e6  0.6  10.8877047209317  6.03127203110655e26  4.222404039921982e51  9.7  10.779888682171073  3.2543859510336794  3.460986917968838e51  11.7  13.123414189912623  2.874172185255532  1.5099974814771428e6  1.8
2.51801801801802  1.5379863260031e6  3.0358463305610313  1.25657800791105e9  2.40137504256017e6  0.6  11.6493893597971  6.03127203110655e26  4.22029125335616e51  9.7  10.779888682171073  3.2543859510336794  3.4592551257017706e51  11.7  13.123414189912623  2.874172185255532  1.509801494721995e6  1.8
2.51951951951952  1.54159199423517e6  3.004348544187415  1.137973318013e9  2.63926761332351e6  0.6  12.466777422813  6.03127203110655e26  4.218179523976487e51  9.7  10.779888682171073  3.2543859510336794  3.457524199980728e51  11.7  13.123414189912623  2.874172185255532  1.5096057400450301e6  1.8
2.5210210210210304  1.54555485851944e6  2.9721573908361143  1.0296278510025301e9  2.90205255838501e6  0.6  13.3398689025373  6.03127203110655e26  4.216068851253961e51  9.7  10.779888682171073  3.2543859510336794  3.4557941403720997e51  11.7  13.123414189912623  2.874172185255532  1.5094102170333704e6  1.8
2.52252252252253  1.5499122947932899e6  2.9392494592402785  9.30952454455606e8  3.19163089356574e6  0.6  14.2684992839632  6.03127203110655e26  4.2139592346598854e51  9.7  10.779888682171073  3.2543859510336794  3.4540649464425295e51  11.7  13.123414189912623  2.874172185255532  1.5092149252751213e6  1.8
2.52402402402403  1.5547045333722201e6  2.905602448125434  8.41294027654017e8  3.5100303689483902e6  0.6  15.2523268675473  6.03127203110655e26  4.211850673665784e51  9.7  10.779888682171073  3.2543859510336794  3.45233661775884e51  11.7  13.123414189912623  2.874172185255532  1.5090198643593616e6  1.8
2.52552552552553  1.55997484924151e6  2.871195340289553  7.59973183535197e8  3.8594102719899304e6  0.6  16.2908186756325  6.03127203110655e26  4.209743167743462e51  9.7  10.779888682171073  3.2543859510336794  3.450609153888084e51  11.7  13.123414189912623  2.874172185255532  1.5088250338761455e6  1.8
2.52702702702703  1.56576975955981e6  2.8360086089877017  6.863114347913051e8  4.24206554048928e6  0.6  17.3832360635435  6.03127203110655e26  4.207636716364987e51  9.7  10.779888682171073  3.2543859510336794  3.448882554397531e51  11.7  13.123414189912623  2.874172185255532  1.5086304334164974e6  1.8
2.52852852852853  1.57213922733832e6  2.800024461384482  6.19649940354855e8  4.66043004111073e6  0.6  18.5286209551063  6.03127203110655e26  4.2055313190026914e51  9.7  10.779888682171073  3.2543859510336794  3.4471568188546655e51  11.7  13.123414189912623  2.874172185255532  1.5084360625724117e6  1.8
2.53003003003003  1.5791368700426898e6  2.763227091359403  5.59361728014193e8  5.1170789970894e6  0.6  19.7257821184922  6.03127203110655e26  4.2034269751291714e51  9.7  10.779888682171073  3.2543859510336794  3.44543194682719e51  11.7  13.123414189912623  2.874172185255532  1.5082419209368464e6  1.8
2.53153153153154  1.5868201718401301e6  2.7256029889075437  5.0485900411325204e8  5.614730145455141e6  0.6  20.9732828197338  6.03127203110655e26  4.2013236842172735e51  9.7  10.779888682171073  3.2543859510336794  3.443707937883012e51  11.7  13.123414189912623  2.874172185255532  1.508048008103722e6  1.8
2.53303303303304  1.59525069758405e6  2.687141262033822  4.55596866890005e8  6.1562437322457805e6  0.6  22.2694298258224  6.03127203110655e26  4.19922144574015e51  9.7  10.779888682171073  3.2543859510336794  3.441984791590287e51  11.7  13.123414189912623  2.874172185255532  1.5078543236679223e6  1.8
2.53453453453454  1.6044943067916299e6  2.647834004337808  4.11074490865504e8  6.744620724752e6  0.6  23.6122640756995  6.03127203110655e26  4.197120259171173e51  9.7  10.779888682171073  3.2543859510336794  3.4402625075173555e51  11.7  13.123414189912623  2.874172185255532  1.507660867225284e6  1.8
2.53603603603604  1.6146213649368999e6  2.607676671556325  3.70834547218923e8  7.382999604985139e6  0.6  24.9995544067393  6.03127203110655e26  4.195020123983996e51  9.7  10.779888682171073  3.2543859510336794  3.4385410852327837e51  11.7  13.123414189912623  2.874172185255532  1.507467638372599e6  1.8
2.53753753753754  1.62570694992937e6  2.5666684991500115  3.3446151102977e8  8.07465077813636e6  0.6  26.428793363076  6.03127203110655e26  4.192921039652532e51  9.7  10.779888682171073  3.2543859510336794  3.436820524305355e51  11.7  13.123414189912623  2.874172185255532  1.5072746367076107e6  1.8
2.5390390390390403  1.63783105019684e6  2.5248129269225448  3.01579233880077e8  8.82296974253311e6  0.6  27.8971986043691  6.03127203110655e26  4.190823005650959e51  9.7  10.779888682171073  3.2543859510336794  3.435100824304066e51  11.7  13.123414189912623  2.874172185255532  1.507081861829011e6  1.8
2.54054054054055  1.65107875251296e6  2.4821179974557888  2.71848184356932e8  9.63146609328161e6  0.6  29.4017132488182  6.03127203110655e26  4.188726021453705e51  9.7  10.779888682171073  3.2543859510336794  3.4333819847981194e51  11.7  13.123414189912623  2.874172185255532  1.5068893133364357e6  1.8
2.54204204204205  1.66554041331369e6  2.438596880663318  2.44962487848605e8  1.0503752235825e7  0.6  30.939016905251  6.03127203110655e26  4.1866300865355004e51  9.7  10.779888682171073  3.2543859510336794  3.431664005356968e51  11.7  13.123414189912623  2.874172185255532  1.5066969908304678e6  1.8
2.5435435435435503  1.6813118130671799e6  2.39426822808471  2.20646953402918e8  1.14435279400538e7  0.6  32.5055367586223  6.03127203110655e26  4.1845352003712985e51  9.7  10.779888682171073  3.2543859510336794  3.429946885550245e51  11.7  13.123414189912623  2.874172185255532  1.5065048939126264e6  1.8
2.5450450450450504  1.69849428745164e6  2.3491565657612234  1.9865418926607e8  1.24545627206592e7  0.6  34.0974655921678  6.03127203110655e26  4.182441362436329e51  9.7  10.779888682171073  3.2543859510336794  3.4282306249478113e51  11.7  13.123414189912623  2.874172185255532  1.506313022185369e6  1.8
2.54654654654655  1.71719483207725e6  2.3032926638550504  1.78761880006565e8  1.35406748738343e7  0.6  35.7107833728945  6.03127203110655e26  4.180348572206084e51  9.7  10.779888682171073  3.2543859510336794  3.426515223119741e51  11.7  13.123414189912623  2.874172185255532  1.5061213752520876e6  1.8
2.54804804804805  1.7375261757316599e6  2.2567138897560333  1.6077024580760002e8  1.4705707909737801e7  0.6  37.3412843436653  6.03127203110655e26  4.178256829156317e51  9.7  10.779888682171073  3.2543859510336794  3.424800679636326e51  11.7  13.123414189912623  2.874172185255532  1.5059299527171066e6  1.8
2.54954954954955  1.7596068182387801e6  2.20946445102116  1.44499684560305e8  1.59535044111819e7  0.6  38.9846097916695  6.03127203110655e26  4.176166132763046e51  9.7  10.779888682171073  3.2543859510336794  3.423086994068071e51  11.7  13.123414189912623  2.874172185255532  1.5057387541856787e6  1.8
2.55105105105106  1.78356102906638e6  2.1615955322951197  1.29788618194707e8  1.72878769432244e7  0.6  40.6362850641611  6.03127203110655e26  4.1740764825025355e51  9.7  10.779888682171073  3.2543859510336794  3.421374165985685e51  11.7  13.123414189912623  2.874172185255532  1.5055477792639823e6  1.8
2.55255255255256  1.8095188022544e6  2.1131653377337027  1.16491545392211e8  1.87125760348554e7  0.6  42.291760126783  6.03127203110655e26  4.171987877851354e51  9.7  10.779888682171073  3.2543859510336794  3.419662194960127e51  11.7  13.123414189912623  2.874172185255532  1.505357027559123e6  1.8
2.55405405405406  1.8376157632676899e6  2.0642390512809765  1.04477292779292e8  2.02312557533244e7  0.6  43.9464534662573  6.03127203110655e26  4.1699003182862904e51  9.7  10.779888682171073  3.2543859510336794  3.4179510805625335e51  11.7  13.123414189912623  2.874172185255532  1.5051664986791234e6  1.8
2.55555555555556  1.8679930241585698e6  2.014888653420748  9.362744447380981e7  2.18474367821352e7  0.6  45.5957982154714  6.03127203110655e26  4.167813803284412e51  9.7  10.779888682171073  3.2543859510336794  3.416240822364272e51  11.7  13.123414189912623  2.874172185255532  1.5049761922329257e6  1.8
2.55705705705706  1.90079698329091e6  1.9651926116399703  8.38349416792176e7  2.35644674502203e7  0.6  47.2352898575926  6.03127203110655e26  4.165728332323042e51  9.7  10.779888682171073  3.2543859510336794  3.41453141993692e51  11.7  13.123414189912623  2.874172185255532  1.5047861078303875e6  1.8
2.55855855855856  1.9361790665494998e6  1.9152354279839874  7.50028379842299e7  2.53854827983131e7  0.6  48.8605341697793  6.03127203110655e26  4.163643904879768e51  9.7  10.779888682171073  3.2543859510336794  3.412822872852269e51  11.7  13.123414189912623  2.874172185255532  1.5045962450822794e6  1.8
2.56006006006006  1.9742954070875e6  1.8651070561593583  6.70432002963082e7  2.7313361531944998e7  0.6  50.4672931169552  6.03127203110655e26  4.1615605204324415e51  9.7  10.779888682171073  3.2543859510336794  3.4111151806823296e51  11.7  13.123414189912623  2.874172185255532  1.5044066036002822e6  1.8
2.56156156156157  2.0153064604387698e6  1.8149021708512805  5.98761353268471e7  2.9350682225752097e7  0.6  52.0515301069754  6.03127203110655e26  4.15947817845916e51  9.7  10.779888682171073  3.2543859510336794  3.409408342999312e51  11.7  13.123414189912623  2.874172185255532  1.5042171829969834e6  1.8
2.56306306306307  2.05937655387083e6  1.764719282184314  5.34289338599101e7  3.14996773583252e7  0.6  53.6094502431646  6.03127203110655e26  4.15739687843832e51  9.7  10.779888682171073  3.2543859510336794  3.4077023593756725e51  11.7  13.123414189912623  2.874172185255532  1.5040279828858776e6  1.8
2.56456456456457  2.10667336672118e6  1.7146598128518495  4.7635325818139e7  3.37621878351648e7  0.6  55.1375382731617  6.03127203110655e26  4.1553166198485436e51  9.7  10.779888682171073  3.2543859510336794  3.405997229384052e51  11.7  13.123414189912623  2.874172185255532  1.50383900288136e6  1.8
2.56606606606607  2.15736734244965e6  1.664826982614501  4.24348229468423e7  3.61396153846759e7  0.6  56.6325887237586  6.03127203110655e26  4.153237402168721e51  9.7  10.779888682171073  3.2543859510336794  3.4042929525973126e51  11.7  13.123414189912623  2.874172185255532  1.503650242598725e6  1.8
2.56756756756757  2.21163102921342e6  1.6153247042940726  3.777215120463671e7  3.86328765006783e7  0.6  58.0917317662644  6.03127203110655e26  4.151159224878009e51  9.7  10.779888682171073  3.2543859510336794  3.402589528588532e51  11.7  13.123414189912623  2.874172185255532  1.5034617016541646e6  1.8
2.5690690690690703  2.26963835128651e6  1.5662564060924593  3.3596754765459e7  4.12423553069719e7  0.6  59.5124513822846  6.03127203110655e26  4.149082087455823e51  9.7  10.779888682171073  3.2543859510336794  3.4008869569310026e51  11.7  13.123414189912623  2.874172185255532  1.5032733796647652e6  1.8
2.57057057057058  2.3315638097053804e6  1.5177238423106203  2.98623641239898e7  4.39678583955332e7  0.6  60.8925970554699  6.03127203110655e26  4.147005989381823e51  9.7  10.779888682171073  3.2543859510336794  3.399185237198216e51  11.7  13.123414189912623  2.874172185255532  1.5030852762485037e6  1.8
2.57207207207208  2.3975816151040997e6  1.469825937130989  2.6526620622426104e7  4.6808571155995704e7  0.6  62.2303886312616  6.03127203110655e26  4.144930930135973e51  9.7  10.779888682171073  3.2543859510336794  3.397484368963913e51  11.7  13.123414189912623  2.874172185255532  1.5028973910242496e6  1.8
2.5735735735735803  2.4678647549779597e6  1.4226576676583833  2.35507476766438e7  4.9763016584118895e7  0.6  63.5244143175315  6.03127203110655e26  4.142856909198457e51  9.7  10.779888682171073  3.2543859510336794  3.3957843518020145e51  11.7  13.123414189912623  2.874172185255532  1.5027097236117558e6  1.8
2.5750750750750804  2.54258399909826e6  1.3763090333961934  2.0899262268387e7  5.28290181621678e7  0.6  64.7736227091716  6.03127203110655e26  4.140783926049728e51  9.7  10.779888682171073  3.2543859510336794  3.394085185286663e51  11.7  13.123414189912623  2.874172185255532  1.5025222736316598e6  1.8
2.57657657657658  2.6219068491916e6  1.3308641023622299  1.85397184298061e7  5.6003666593976006e7  0.6  65.9773093126272  6.03127203110655e26  4.138711980170505e51  9.7  10.779888682171073  3.2543859510336794  3.3923868689922176e51  11.7  13.123414189912623  2.874172185255532  1.502335040705481e6  1.8
2.57807807807808  2.70599643867204e6  1.2864002376720005  1.64424808491231e7  5.928329344057461e7  0.6  67.1350977552835  6.03127203110655e26  4.136641071041762e51  9.7  10.779888682171073  3.2543859510336794  3.3906894024932484e51  11.7  13.123414189912623  2.874172185255532  1.5021480244556172e6  1.8
2.57957957957958  2.79501039278703e6  1.2429873951136887  1.45805173206973e7  6.266345202083629e7  0.6  68.2469176170313  6.03127203110655e26  4.134571198144736e51  9.7  10.779888682171073  3.2543859510336794  3.388992785364538e51  11.7  13.123414189912623  2.874172185255532  1.5019612245053428e6  1.8
2.58108108108109  2.88909966008558e6  1.2006876276742888  1.29292116407885e7  6.61389062815879e7  0.6  69.3129795364533  6.03127203110655e26  4.132502360960908e51  9.7  10.779888682171073  3.2543859510336794  3.387297017181073e51  11.7  13.123414189912623  2.874172185255532  1.5017746404788052e6  1.8
2.58258258258259  2.98840732717505e6  1.1595547041330336  1.1466189503721202e7  6.970362997891681e7  0.6  70.3337473581986  6.03127203110655e26  4.130434558972061e51  9.7  10.779888682171073  3.2543859510336794  3.385602097518083e51  11.7  13.123414189912623  2.874172185255532  1.5015882720010255e6  1.8
2.58408408408409  3.09306743224849e6  1.1196339124986914  1.0171157052551001e7  7.33508172659436e7  0.6  71.3099096565014  6.03127203110655e26  4.1283677916601935e51  9.7  10.779888682171073  3.2543859510336794  3.383908025950978e51  11.7  13.123414189912623  2.874172185255532  1.5014021186978912e6  1.8
2.58558558558559  3.20320379450966e6  1.0809619971293565  9.025748498701861e6  7.707290423184471e7  0.6  72.2423505533803  6.03127203110655e26  4.126302058507581e51  9.7  10.779888682171073  3.2543859510336794  3.3822148020553944e51  11.7  13.123414189912623  2.874172185255532  1.5012161801961567e6  1.8
2.58708708708709  3.3189288759388803e6  1.043567243022075  8.01338204766302e6  8.086160404603e7  0.6  73.1321208344813  6.03127203110655e26  4.124237358996753e51  9.7  10.779888682171073  3.2543859510336794  3.380522425407175e51  11.7  13.123414189912623  2.874172185255532  1.5010304561234394e6  1.8
2.58858858858859  3.4403426958278096e6  1.007469685646925  7.119122834269181e6  8.47079545016911e7  0.6  73.9804099507223  6.03127203110655e26  4.122173692610503e51  9.7  10.779888682171073  3.2543859510336794  3.3788308955823796e51  11.7  13.123414189912623  2.874172185255532  1.5008449461082187e6  1.8
2.59009009009009  3.5675318167012096e6  0.9726814400929835  6.32955246749653e6  8.860237953803499e7  0.6  74.7885194258227  6.03127203110655e26  4.12011105883188e51  9.7  10.779888682171073  3.2543859510336794  3.377140212157279e51  11.7  13.123414189912623  2.874172185255532  1.5006596497798327e6  1.8
2.5915915915916  3.70056842261417e6  0.9392070979477851  5.63264415865487e6  9.25347590898744e7  0.6  75.5578382166854  6.03127203110655e26  4.1180494571441804e51  9.7  10.779888682171073  3.2543859510336794  3.375450374708345e51  11.7  13.123414189912623  2.874172185255532  1.5004745667684742e6  1.8
2.5930930930931  3.83950950232869e6  0.9070442631853627  5.01764523242865e6  9.64945190341227e7  0.6  76.2898188356381  6.03127203110655e26  4.115988887030997e51  9.7  10.779888682171073  3.2543859510336794  3.373761382812293e51  11.7  13.123414189912623  2.874172185255532  1.5002896967051933e6  1.8
2.5945945945946  3.98439616754512e6  0.8761840684757817  4.47496401218454e6  1.00470720170909e8  0.6  76.9859574712441  6.03127203110655e26  4.113929347976142e51  9.7  10.779888682171073  3.2543859510336794  3.372073236046019e51  11.7  13.123414189912623  2.874172185255532  1.500105039221888e6  1.8
2.5960960960961  4.13525310473867e6  0.8466117913733849  3.99606415952889e6  1.04452163641833e8  0.6  77.6477752267948  6.03127203110655e26  4.1118708394637e51  9.7  10.779888682171073  3.2543859510336794  3.37038593398664e51  11.7  13.123414189912623  2.874172185255532  1.4999205939513063e6  1.8
2.5975975975976002  4.29208818528195e6  0.8183074739805639  3.5733648765268405e6  1.0842750007171e8  0.6  78.2768018001146  6.03127203110655e26  4.1098133609780126e51  9.7  10.779888682171073  3.2543859510336794  3.368699476211486e51  11.7  13.123414189912623  2.874172185255532  1.4997363605270425e6  1.8
2.5990990990991003  4.45489223944367e6  0.7912465494840276  3.20014750671395e6  1.12385341885433e8  0.6  78.874561426887  6.03127203110655e26  4.107756912003681e51  9.7  10.779888682171073  3.2543859510336794  3.3670138622981e51  11.7  13.123414189912623  2.874172185255532  1.499552338583535e6  1.8
2.60060060060061  4.623638999031399e6  0.7653993687410063  2.87111558807439e6  1.16288191037756e8  0.6  79.4243120883842  6.03127203110655e26  4.105701492025548e51  9.7  10.779888682171073  3.2543859510336794  3.36532909182422e51  11.7  13.123414189912623  2.874172185255532  1.4993685277560623e6  1.8
2.6021021021021102  4.79824589248152e6  0.7407239117271439  2.58248438702704e6  1.2004701408317201e8  0.6  79.8724139378889  6.03127203110655e26  4.1036471005287574e51  9.7  10.779888682171073  3.2543859510336794  3.363645164367834e51  11.7  13.123414189912623  2.874172185255532  1.4991849276807462e6  1.8
2.6036036036036103  4.97849666437817e6  0.7171855509008951  2.32852976331687e6  1.23673268238337e8  0.6  80.234455297895  6.03127203110655e26  4.1015937369986686e51  9.7  10.779888682171073  3.2543859510336794  3.361962079507106e51  11.7  13.123414189912623  2.874172185255532  1.4990015379945398e6  1.8
2.6051051051051104  5.16419226233362e6  0.6947461828821346  2.10429390131653e6  1.2718704384292e8  0.6  80.5304372061869  6.03127203110655e26  4.099541400920913e51  9.7  10.779888682171073  3.2543859510336794  3.36027983682042e51  11.7  13.123414189912623  2.874172185255532  1.4988183583352342e6  1.8
2.60660660660661  5.35516379963529e6  0.673363898152953  1.90570341586557e6  1.3060302677386701e8  0.6  80.7754200753412  6.03127203110655e26  4.097490091781378e51  9.7  10.779888682171073  3.2543859510336794  3.358598435886376e51  11.7  13.123414189912623  2.874172185255532  1.4986353883414506e6  1.8
2.60810810810811  5.55126444043688e6  0.652994750803039  1.72936159050511e6  1.33932022674146e8  0.6  80.9809565774864  6.03127203110655e26  4.0954398090662106e51  9.7  10.779888682171073  3.2543859510336794  3.3569178762837796e51  11.7  13.123414189912623  2.874172185255532  1.4984526276526402e6  1.8
2.60960960960961  5.75236357358129e6  0.6335939870556857  1.5724084518081301e6  1.37181656865444e8  0.6  81.1558431142309  6.03127203110655e26  4.093390552261812e51  9.7  10.779888682171073  3.2543859510336794  3.3552381575916495e51  11.7  13.123414189912623  2.874172185255532  1.4982700759090814e6  1.8
2.61111111111112  5.95834203734321e6  0.6151169034703525  1.4324155631644002e6  1.40357031718438e8  0.6  81.3067438555171  6.03127203110655e26  4.0913423208548284e51  9.7  10.779888682171073  3.2543859510336794  3.353559279389204e51  11.7  13.123414189912623  2.874172185255532  1.4980877327518759e6  1.8
2.61261261261262  6.169088331214719e6  0.597519470799632  1.30730627520785e6  1.4346129428004e8  0.6  81.4386919781175  6.03127203110655e26  4.089295114332204e51  9.7  10.779888682171073  3.2543859510336794  3.351881241255905e51  11.7  13.123414189912623  2.874172185255532  1.4979055978229514e6  1.8
2.61411411411412  6.38449567998354e6  0.5807587310282332  1.1952939828982402e6  1.4649612510669598e8  0.6  81.5554863553705  6.03127203110655e26  4.087248932181097e51  9.7  10.779888682171073  3.2543859510336794  3.350204042771391e51  11.7  13.123414189912623  2.874172185255532  1.4977236707650525e6  1.8
2.61561561561562  6.60445983179538e6  0.564793085074467  1.09483403874388e6  1.49462130170363e8  0.6  81.659997522409  6.03127203110655e26  4.0852037738889405e51  9.7  10.779888682171073  3.2543859510336794  3.348527683515525e51  11.7  13.123414189912623  2.874172185255532  1.4975419512217424e6  1.8
2.61711711711712  6.828877444663851e6  0.5495824551364911  1.0045853806630301e6  1.52359161587701e8  0.6  81.7544034273341  6.03127203110655e26  4.0831596389434177e51  9.7  10.779888682171073  3.2543859510336794  3.346852163068375e51  11.7  13.123414189912623  2.874172185255532  1.4973604388373992e6  1.8
2.61861861861862  7.05764495455528e6  0.535088388114453  923379.7032880271  1.55186567300759e8  0.6  81.840367186492  6.03127203110655e26  4.081116526832472e51  9.7  10.779888682171073  3.2543859510336794  3.345177481010223e51  11.7  13.123414189912623  2.874172185255532  1.4971791332572144e6  1.8
2.62012012012012  7.290657818370219e6  0.5212741049606111  850196.269555776  1.57943383085956e8  0.6  81.9191698547172  6.03127203110655e26  4.079074437044303e51  9.7  10.779888682171073  3.2543859510336794  3.34350363692156e51  11.7  13.123414189912623  2.874172185255532  1.49699803412719e6  1.8
2.62162162162163  7.52781004522599e6  0.5081045132208938  784141.084795341  1.60628479025322e8  0.6  81.9918093269441  6.03127203110655e26  4.077033369067352e51  9.7  10.779888682171073  3.2543859510336794  3.3418306303830754e51  11.7  13.123414189912623  2.874172185255532  1.4968171410941358e6  1.8
2.62312312312313  7.7689939476664e6  0.4955461920312646  724429.492388674  1.6324066936005402e8  0.6  82.0590734486972  6.03127203110655e26  4.074993322390355e51  9.7  10.779888682171073  3.2543859510336794  3.340158460975701e51  11.7  13.123414189912623  2.874172185255532  1.49663645380567e6  1.8
2.62462462462463  8.01410005781669e6  0.48356736494862784  670371.534411197  1.65778791646674e8  0.6  82.1215936562616  6.03127203110655e26  4.072954296502268e51  9.7  10.779888682171073  3.2543859510336794  3.338487128280548e51  11.7  13.123414189912623  2.874172185255532  1.496455971910212e6  1.8
2.62612612612613  8.263017162391259e6  0.47213784975884093  621359.476802066  1.68241766249373e8  0.6  82.1798842733347  6.03127203110655e26  4.0709162908923127e51  9.7  10.779888682171073  3.2543859510336794  3.336816631878945e51  11.7  13.123414189912623  2.874172185255532  1.4962756950569835e6  1.8
2.6276276276276302  8.515632427029941e6  0.4612290126195612  576857.211087025  1.70628634207333e8  0.6  82.2343709521481  6.03127203110655e26  4.0688793050499666e51  9.7  10.779888682171073  3.2543859510336794  3.335146971352432e51  11.7  13.123414189912623  2.874172185255532  1.4960956228960054e6  1.8
2.6291291291291303  8.771831577491391e6  0.45081371078529237  536391.128811815  1.72938584202688e8  0.6  82.2854118511106  6.03127203110655e26  4.0668433384649626e51  9.7  10.779888682171073  3.2543859510336794  3.3334781462827565e51  11.7  13.123414189912623  2.874172185255532  1.4959157550780957e6  1.8
2.63063063063064  9.03149912133926e6  0.44086623166864397  499542.260040748  1.75170969074261e8  0.6  82.3333128410796  6.03127203110655e26  4.064808390627278e51  9.7  10.779888682171073  3.2543859510336794  3.331810156251867e51  11.7  13.123414189912623  2.874172185255532  1.4957360912548653e6  1.8
2.6321321321321403  9.294518594423791e6  0.43136223259952156  465939.486209532  1.7732531429986298e8  0.6  82.3783386775577  6.03127203110655e26  4.062774461027182e51  9.7  10.779888682171073  3.2543859510336794  3.330143000841953e51  11.7  13.123414189912623  2.874172185255532  1.4955566310787217e6  1.8
2.6336336336336403  9.56077282009925e6  0.4222786773793996  435253.64770393504  1.79401321631968e8  0.6  82.4207214096558  6.03127203110655e26  4.0607415491551615e51  9.7  10.779888682171073  3.2543859510336794  3.328476679635378e51  11.7  13.123414189912623  2.874172185255532  1.4953773742028584e6  1.8
2.6351351351351404  9.83014417390099e6  0.4135937768206971  407192.439932495  1.81398866496476e8  0.6  82.4606663855472  6.03127203110655e26  4.058709654501969e51  9.7  10.779888682171073  3.2543859510336794  3.326811192214729e51  11.7  13.123414189912623  2.874172185255532  1.4951983202812583e6  1.8
2.63663663663664  1.01025148443161e7  0.4052869308915052  381495.972844206  1.83317995997273e8  0.6  82.4983568386301  6.03127203110655e26  4.0566787765586154e51  9.7  10.779888682171073  3.2543859510336794  3.3251465381628e51  11.7  13.123414189912623  2.874172185255532  1.49501946896869e6  1.8
2.63813813813814  1.03777670905582e7  0.39733866147929847  357932.86548364104  1.85158925783062e8  0.6  82.5339582183083  6.03127203110655e26  4.054648914816362e51  9.7  10.779888682171073  3.2543859510336794  3.3234827170625925e51  11.7  13.123414189912623  2.874172185255532  1.4948408199207052e6  1.8
2.6396396396396398  1.0655783495638e7  0.389730554470101  336296.867783732  1.86922018075896e8  0.6  82.5676203976468  6.03127203110655e26  4.05262006876673e51  9.7  10.779888682171073  3.2543859510336794  3.32181972849732e51  11.7  13.123414189912623  2.874172185255532  1.4946623727936365e6  1.8
2.64114114114115  1.09364471864426e7  0.3824452210757026  316403.95673519303  1.88607796154064e8  0.6  82.5994786113517  6.03127203110655e26  4.0505922379014746e51  9.7  10.779888682171073  3.2543859510336794  3.320157572050389e51  11.7  13.123414189912623  2.874172185255532  1.4944841272445957e6  1.8
2.64264264264265  1.12196420755628e7  0.37546622139743835  298089.67715579405  1.90216906651104e8  0.6  82.6296570272032  6.03127203110655e26  4.048565421712652e51  9.7  10.779888682171073  3.2543859510336794  3.3184962473054526e51  11.7  13.123414189912623  2.874172185255532  1.4943060829314727e6  1.8
2.6441441441441498  1.15052530465104e7  0.36877803023076  281206.92905354605  1.91750142116203e8  0.6  82.6582690834378  6.03127203110655e26  4.046539619692529e51  9.7  10.779888682171073  3.2543859510336794  3.3168357538463355e51  11.7  13.123414189912623  2.874172185255532  1.4941282395129306e6  1.8
2.64564564564565  1.1793166172811e7  0.36236597369755297  265623.942776499  1.93208397005602e8  0.6  82.6854192026412  6.03127203110655e26  4.04451483133364e51  9.7  10.779888682171073  3.2543859510336794  3.315176091257082e51  11.7  13.123414189912623  2.874172185255532  1.4939505966484048e6  1.8
2.64714714714715  1.20832688710177e7  0.35621619491116013  251222.570056915  1.94592690803698e8  0.6  82.7112032230396  6.03127203110655e26  4.042491056128776e51  9.7  10.779888682171073  3.2543859510336794  3.313517259121948e51  11.7  13.123414189912623  2.874172185255532  1.493773153998101e6  1.8
2.64864864864865  1.23754500884406e7  0.35031559686103125  237896.721235486  1.95904127476937e8  0.6  82.7357097239471  6.03127203110655e26  4.0404682935709785e51  9.7  10.779888682171073  3.2543859510336794  3.311859257025392e51  11.7  13.123414189912623  2.874172185255532  1.4935959112229932e6  1.8
2.65015015015015  1.26696004299976e7  0.3446518100895285  225551.044242055  1.97143913160627e8  0.6  82.7590202667434  6.03127203110655e26  4.038446543153544e51  9.7  10.779888682171073  3.2543859510336794  3.310202084552085e51  11.7  13.123414189912623  2.874172185255532  1.493418867984821e6  1.8
2.65165165165166  1.29656123116201e7  0.3392131425755947  214099.715947863  1.98313323019138e8  0.6  82.7812104361308  6.03127203110655e26  4.0364258043700094e51  9.7  10.779888682171073  3.2543859510336794  3.308545741286893e51  11.7  13.123414189912623  2.874172185255532  1.4932420239460869e6  1.8
2.65315315315316  1.32633800639011e7  0.33398854946948586  203465.41600404598  1.99413712218804e8  0.6  82.8023500244439  6.03127203110655e26  4.034406076714204e51  9.7  10.779888682171073  3.2543859510336794  3.3068902268149217e51  11.7  13.123414189912623  2.874172185255532  1.4930653787700578e6  1.8
2.65465465465466  1.35628000522177e7  0.328967588947812  193578.387783838  2.00446490752817e8  0.6  82.8225038159032  6.03127203110655e26  4.032387359680172e51  9.7  10.779888682171073  3.2543859510336794  3.3052355407214526e51  11.7  13.123414189912623  2.874172185255532  1.492888932120757e6  1.8
2.65615615615616  1.38637707590537e7  0.3241403935147752  184375.63660876598  2.0141311606947902e8  0.6  82.8417317803256  6.03127203110655e26  4.030369652762223e51  9.7  10.779888682171073  3.2543859510336794  3.303581682591986e51  11.7  13.123414189912623  2.874172185255532  1.4927126836629657e6  1.8
2.6576576576576603  1.41661928552541e7  0.31949763536493564  175800.205030727  2.02315123476951e8  0.6  82.8600895948961  6.03127203110655e26  4.02835295545492e51  9.7  10.779888682171073  3.2543859510336794  3.3019286520122295e51  11.7  13.123414189912623  2.874172185255532  1.492536633062221e6  1.8
2.6591591591591603  1.44699693169312e7  0.3150304926698771  167800.530460307  2.03154053289888e8  0.6  82.8776289819372  6.03127203110655e26  4.0263372672530785e51  9.7  10.779888682171073  3.2543859510336794  3.300276448568097e51  11.7  13.123414189912623  2.874172185255532  1.4923607799848125e6  1.8
2.66066066066067  1.47750054329821e7  0.3107306199301495  160329.879958918  2.0393153752115598e8  0.6  82.8943981984438  6.03127203110655e26  4.0243225876517543e51  9.7  10.779888682171073  3.2543859510336794  3.2986250718457e51  11.7  13.123414189912623  2.874172185255532  1.4921851240977787e6  1.8
2.6621621621621703  1.50812089427737e7  0.30659011839990796  153345.847062068  2.0464908686792898e8  0.6  82.9104421408581  6.03127203110655e26  4.0223089161462946e51  9.7  10.779888682171073  3.2543859510336794  3.296974521431389e51  11.7  13.123414189912623  2.874172185255532  1.4920096650689119e6  1.8
2.6636636636636704  1.53884898539867e7  0.3026015216440304  146809.926938491  2.05308376323187e8  0.6  82.9258024323338  6.03127203110655e26  4.020296252232261e51  9.7  10.779888682171073  3.2543859510336794  3.295324796911689e51  11.7  13.123414189912623  2.874172185255532  1.4918344025667463e6  1.8
2.66516516516517  1.5696760689306801e7  0.2987577662763483  140687.111593734  2.05911045404161e8  0.6  82.9405178432186  6.03127203110655e26  4.018284595405478e51  9.7  10.779888682171073  3.2543859510336794  3.293675897873343e51  11.7  13.123414189912623  2.874172185255532  1.4916593362605625e6  1.8
2.66666666666667  1.60059364331569e7  0.29505217702929815  134945.550479293  2.06458804901723e8  0.6  82.9546243060382  6.03127203110655e26  4.016273945162025e51  9.7  10.779888682171073  3.2543859510336794  3.2920278239033e51  11.7  13.123414189912623  2.874172185255532  1.491484465820383e6  1.8
2.66816816816817  1.63159346387151e7  0.2914784029619088  129556.17161741901  2.06953177116453e8  0.6  82.9681559089516  6.03127203110655e26  4.014264300998233e51  9.7  10.779888682171073  3.2543859510336794  3.2903805745887154e51  11.7  13.123414189912623  2.874172185255532  1.4913097909169712e6  1.8
2.66966966966967  1.6626675144896e7  0.28803044384488624  124492.47772741901  2.07395873055162e8  0.6  82.9811442374254  6.03127203110655e26  4.012255662410684e51  9.7  10.779888682171073  3.2543859510336794  3.2887341495169546e51  11.7  13.123414189912623  2.874172185255532  1.4911353112218282e6  1.8
2.67117117117118  1.69380803596935e7  0.2847026288084352  119730.290781436  2.07788593914718e8  0.6  82.9936185802773  6.03127203110655e26  4.010248028896198e51  9.7  10.779888682171073  3.2543859510336794  3.2870885482755725e51  11.7  13.123414189912623  2.874172185255532  1.4909610264071908e6  1.8
2.67267267267268  1.72500752454513e7  0.2814895742433738  115247.493471957  2.0813284776983202e8  0.6  83.0056064780752  6.03127203110655e26  4.008241399951891e51  9.7  10.779888682171073  3.2543859510336794  3.2854437704523695e51  11.7  13.123414189912623  2.874172185255532  1.490786936146033e6  1.8
2.67417417417418  1.75625870288895e7  0.2783861612041611  111023.824557365  2.08430314153159e8  0.6  83.0171339220767  6.03127203110655e26  4.006235775075086e51  9.7  10.779888682171073  3.2543859510336794  3.2837998156353163e51  11.7  13.123414189912623  2.874172185255532  1.4906130401120577e6  1.8
2.67567567567568  1.78755454585489e7  0.27538755272922144  107040.747419163  2.08682594313339e8  0.6  83.0282250139589  6.03127203110655e26  4.0042311537633704e51  9.7  10.779888682171073  3.2543859510336794  3.282156683412599e51  11.7  13.123414189912623  2.874172185255532  1.4904393379796983e6  1.8
2.67717717717718  1.81888826872476e7  0.27248917274679485  103281.279598965  2.08891318147137e8  0.6  83.0389021724217  6.03127203110655e26  4.0022275355145884e51  9.7  10.779888682171073  3.2543859510336794  3.2805143733726134e51  11.7  13.123414189912623  2.874172185255532  1.4902658294241175e6  1.8
2.67867867867868  1.85025333150962e7  0.26968665283683696  99729.79843317799  2.09057949960478e8  0.6  83.0491867780609  6.03127203110655e26  4.00022491982683e51  9.7  10.779888682171073  3.2543859510336794  3.278872885103959e51  11.7  13.123414189912623  2.874172185255532  1.4900925141212028e6  1.8
2.68018018018018  1.88164341408626e7  0.2669758556434336  96371.9618903703  2.0918407256388402e8  0.6  83.059098760226  6.03127203110655e26  3.9982233061984384e51  9.7  10.779888682171073  3.2543859510336794  3.2772322181954416e51  11.7  13.123414189912623  2.874172185255532  1.489919391747566e6  1.8
2.68168168168169  1.91305243399075e7  0.2643528639627907  93194.5933791673  2.09271194562947e8  0.6  83.0686567150014  6.03127203110655e26  3.996222694127997e51  9.7  10.779888682171073  3.2543859510336794  3.275592372236063e51  11.7  13.123414189912623  2.874172185255532  1.4897464619805398e6  1.8
2.68318318318319  1.94447453527648e7  0.26181395627076737  90185.56125084829  2.0932082867344102e8  0.6  83.0778781142908  6.03127203110655e26  3.994223083114375e51  9.7  10.779888682171073  3.2543859510336794  3.273953346815062e51  11.7  13.123414189912623  2.874172185255532  1.4895737244981807e6  1.8
2.68468468468469  1.97590408913135e7  0.25935558096349  87333.6683531293  2.09334363658721e8  0.6  83.0867795745151  6.03127203110655e26  3.9922244726566555e51  9.7  10.779888682171073  3.2543859510336794  3.272315141521849e51  11.7  13.123414189912623  2.874172185255532  1.4894011789792583e6  1.8
2.68618618618619  2.00733567526629e7  0.2569743760264355  84628.6036009271  2.09313252662862e8  0.6  83.0953765677654  6.03127203110655e26  3.9902268622541866e51  9.7  10.779888682171073  3.2543859510336794  3.270677755946055e51  11.7  13.123414189912623  2.874172185255532  1.4892288251032606e6  1.8
2.6876876876876903  2.03876409158204e7  0.2546671508741308  82060.8547278593  2.09258904185895e8  0.6  83.1036836022777  6.03127203110655e26  3.988230251406563e51  9.7  10.779888682171073  3.2543859510336794  3.269041189677511e51  11.7  13.123414189912623  2.874172185255532  1.4890566625503888e6  1.8
2.6891891891891904  2.0701843474658e7  0.25243086006194626  79621.6202694746  2.0917263728080398e8  0.6  83.1117144659275  6.03127203110655e26  3.986234639613633e51  9.7  10.779888682171073  3.2543859510336794  3.267405442306257e51  11.7  13.123414189912623  2.874172185255532  1.4888846910015563e6  1.8
2.6906906906907  2.10159165036083e7  0.2502626091761455  77302.7640920653  2.09055794692902e8  0.6  83.1194821103924  6.03127203110655e26  3.984240026375483e51  9.7  10.779888682171073  3.2543859510336794  3.265770513422527e51  11.7  13.123414189912623  2.874172185255532  1.4887129101383856e6  1.8
2.6921921921922003  2.1329814093237203e7  0.24815964893660938  75096.7610149868  2.08909666260987e8  0.6  83.1269987058737  6.03127203110655e26  3.982246411192485e51  9.7  10.779888682171073  3.2543859510336794  3.264136402616791e51  11.7  13.123414189912623  2.874172185255532  1.4885413196432095e6  1.8
2.6936936936937004  2.16434922708062e7  0.24611936274019458  72996.64032715152  2.08735517959791e8  0.6  83.1342757254406  6.03127203110655e26  3.9802537935652245e51  9.7  10.779888682171073  3.2543859510336794  3.262503109479693e51  11.7  13.123414189912623  2.874172185255532  1.4883699191990646e6  1.8
2.6951951951952  2.19569089644395e7  0.2441392526873022  70995.9326594969  2.08534550599747e8  0.6  83.14132406505  6.03127203110655e26  3.97826217299455e51  9.7  10.779888682171073  3.2543859510336794  3.2608706336020906e51  11.7  13.123414189912623  2.874172185255532  1.4881987084896918e6  1.8
2.6966966966967  2.227002390528e7  0.242216944249237  69088.6398894664  2.08307961263443e8  0.6  83.148153964125  6.03127203110655e26  3.976271548981558e51  9.7  10.779888682171073  3.2543859510336794  3.259238974575048e51  11.7  13.123414189912623  2.874172185255532  1.4880276871995346e6  1.8
2.6981981981982  2.25827986218918e7  0.2403501771903028  67269.1939162544  2.0805700995749e8  0.6  83.1547750407902  6.03127203110655e26  3.974281921027596e51  9.7  10.779888682171073  3.2543859510336794  3.2576081319898326e51  11.7  13.123414189912623  2.874172185255532  1.4878568550137363e6  1.8
2.6996996996997  2.28951965347409e7  0.23853679186875484  65532.4143094174  2.07782598644853e8  0.6  83.1611965509548  6.03127203110655e26  3.97229328863426e51  9.7  10.779888682171073  3.2543859510336794  3.255978105437919e51  11.7  13.123414189912623  2.874172185255532  1.4876862116181385e6  1.8
2.70120120120121  2.3207182418592002e7  0.23677473171900065  63873.4850006113  2.07485918888033e8  0.6  83.1674271171711  6.03127203110655e26  3.9703056513033844e51  9.7  10.779888682171073  3.2543859510336794  3.254348894510971e51  11.7  13.123414189912623  2.874172185255532  1.487515756699278e6  1.8
2.70270270270271  2.35187228373428e7  0.23506203507061987  62287.92253269051  2.07168020247038e8  0.6  83.1734749376073  6.03127203110655e26  3.96831900853709e51  9.7  10.779888682171073  3.2543859510336794  3.252720498800894e51  11.7  13.123414189912623  2.874172185255532  1.4873454899443896e6  1.8
2.70420420420421  2.38297859308068e7  0.23339683102917938  60771.5506912905  2.06829918622319e8  0.6  83.1793477705193  6.03127203110655e26  3.966333359837708e51  9.7  10.779888682171073  3.2543859510336794  3.2510929178997613e51  11.7  13.123414189912623  2.874172185255532  1.4871754110413964e6  1.8
2.70570570570571  2.41403413641737e7  0.23177733567560915  59320.4773485407  2.06472596635003e8  0.6  83.1850529539962  6.03127203110655e26  3.964348704707832e51  9.7  10.779888682171073  3.2543859510336794  3.249466151399862e51  11.7  13.123414189912623  2.874172185255532  1.487005519678913e6  1.8
2.70720720720721  2.44503602780401e7  0.23020184904438046  57931.0737568283  2.0609700404647902e8  0.6  83.190597419888  6.03127203110655e26  3.9623650426503046e51  9.7  10.779888682171073  3.2543859510336794  3.2478401988936926e51  11.7  13.123414189912623  2.874172185255532  1.4868358155462442e6  1.8
2.70870870870871  2.4759815239070803e7  0.22866875290583838  56599.9561532077  2.05704263283878e8  0.6  83.1959876128926  6.03127203110655e26  3.9603823731682166e51  9.7  10.779888682171073  3.2543859510336794  3.246215059973948e51  11.7  13.123414189912623  2.874172185255532  1.4866662983333792e6  1.8
2.71021021021021  2.50686804992568e7  0.22717648483018207  55323.94823363471  2.05294849962985e8  0.6  83.2012300325421  6.03127203110655e26  3.958400695764908e51  9.7  10.779888682171073  3.2543859510336794  3.244590734233532e51  11.7  13.123414189912623  2.874172185255532  1.486496967730994e6  1.8
2.71171171171172  2.53769310247267e7  0.22572355483970347  54100.082991534  2.0486982461788902e8  0.6  83.2063305809013  6.03127203110655e26  3.956420009943955e51  9.7  10.779888682171073  3.2543859510336794  3.242967221265537e51  11.7  13.123414189912623  2.874172185255532  1.4863278234304448e6  1.8
2.71321321321322  2.56845433740029e7  0.22430854254663254  52925.5874666937  2.04430011652875e8  0.6  83.2112949125202  6.03127203110655e26  3.9544403152092184e51  9.7  10.779888682171073  3.2543859510336794  3.241344520663294e51  11.7  13.123414189912623  2.874172185255532  1.486158865123773e6  1.8
2.71471471471472  2.59914953434516e7  0.22293009091573654  51797.866121017  2.03976205586122e8  0.6  83.2161283928157  6.03127203110655e26  3.9524616110647714e51  9.7  10.779888682171073  3.2543859510336794  3.239722632020305e51  11.7  13.123414189912623  2.874172185255532  1.4859900925036957e6  1.8
2.7162162162162202  2.6297765922409803e7  0.22158690415989002  50714.4887087652  2.0350917166359e8  0.6  83.2208361069859  6.03127203110655e26  3.950483897014947e51  9.7  10.779888682171073  3.2543859510336794  3.238101554930285e51  11.7  13.123414189912623  2.874172185255532  1.485821505263608e6  1.8
2.7177177177177203  2.6603335249232e7  0.22027774621401036  49673.17945653741  2.03029646466883e8  0.6  83.2254228649021  6.03127203110655e26  3.948507172564327e51  9.7  10.779888682171073  3.2543859510336794  3.236481288987153e51  11.7  13.123414189912623  2.874172185255532  1.4856531030975806e6  1.8
2.7192192192192204  2.6908184568251304e7  0.21900143985141315  48671.8074937289  2.02538338507011e8  0.6  83.2298932015215  6.03127203110655e26  3.946531437217739e51  9.7  10.779888682171073  3.2543859510336794  3.2348618337850325e51  11.7  13.123414189912623  2.874172185255532  1.485484885700358e6  1.8
2.7207207207207302  2.72122961876313e7  0.21775684606991974  47708.3627804178  2.02036155451094e8  0.6  83.2342514165679  6.03127203110655e26  3.944556690480248e51  9.7  10.779888682171073  3.2543859510336794  3.233243188918236e51  11.7  13.123414189912623  2.874172185255532  1.485316852767355e6  1.8
2.7222222222222303  2.7515653778398603e7  0.21654285895458222  46780.9453091549  2.01523303121813e8  0.6  83.2385020193591  6.03127203110655e26  3.942582931857203e51  9.7  10.779888682171073  3.2543859510336794  3.231625353981314e51  11.7  13.123414189912623  2.874172185255532  1.4851490039946593e6  1.8
2.7237237237237304  2.78182413206236e7  0.21535843603734545  45887.7822872424  2.01000637954222e8  0.6  83.2426488906358  6.03127203110655e26  3.940610160854165e51  9.7  10.779888682171073  3.2543859510336794  3.230008328568988e51  11.7  13.123414189912623  2.874172185255532  1.4849813390790236e6  1.8
2.72522522522523  2.81200440803146e7  0.21420257763898834  45027.205528753104  2.00468765760611e8  0.6  83.2466958302453  6.03127203110655e26  3.938638376976952e51  9.7  10.779888682171073  3.2543859510336794  3.22839211227619e51  11.7  13.123414189912623  2.874172185255532  1.4848138577178672e6  1.8
2.72672672672673  2.8421048233108297e7  0.21307432737723708  44197.6462568265  1.99928268284091e8  0.6  83.2506464492696  6.03127203110655e26  3.9366675797316306e51  9.7  10.779888682171073  3.2543859510336794  3.2267767046980583e51  11.7  13.123414189912623  2.874172185255532  1.4846465596092753e6  1.8
2.72822822822823  2.8721240828129496e7  0.211972771208706  43397.6291154322  1.9937970390258598e8  0.6  83.2545041722984  6.03127203110655e26  3.9346977686245156e51  9.7  10.779888682171073  3.2543859510336794  3.225162105429931e51  11.7  13.123414189912623  2.874172185255532  1.4844794444519938e6  1.8
2.72972972972973  2.90206097529081e7  0.2108970368698426  42625.766850462  1.98823608317383e8  0.6  83.2582722370504  6.03127203110655e26  3.932728943162167e51  9.7  10.779888682171073  3.2543859510336794  3.22354831406735e51  11.7  13.123414189912623  2.874172185255532  1.48431251194543e6  1.8
2.73123123123124  2.9319143699330598e7  0.20984628659336807  41880.7506240787  1.9826067685280502e8  0.6  83.261953645614  6.03127203110655e26  3.930761102851379e51  9.7  10.779888682171073  3.2543859510336794  3.2219353302060485e51  11.7  13.123414189912623  2.874172185255532  1.484145761789649e6  1.8
2.73273273273274  2.96168324033138e7  0.20881969130914446  41161.3277976607  1.97691039363127e8  0.6  83.2655517250322  6.03127203110655e26  3.9287942471992335e51  9.7  10.779888682171073  3.2543859510336794  3.220323153441995e51  11.7  13.123414189912623  2.874172185255532  1.4839791936853768e6  1.8
2.73423423423424  2.9913665795750897e7  0.20781647119987834  40466.3274881569  1.9711535026037902e8  0.6  83.2690692686302  6.03127203110655e26  3.9268283757130186e51  9.7  10.779888682171073  3.2543859510336794  3.218711783371327e51  11.7  13.123414189912623  2.874172185255532  1.48381280733399e6  1.8
2.73573573573574  3.02096347901359e7  0.20683587874313222  39794.6446375291  1.96534062108086e8  0.6  83.2725090273363  6.03127203110655e26  3.92486348790028e51  9.7  10.779888682171073  3.2543859510336794  3.217101219590394e51  11.7  13.123414189912623  2.874172185255532  1.483646602437521e6  1.8
2.73723723723724  3.05047309794874e7  0.2058771970771671  39145.2356966753  1.95947608262021e8  0.6  83.2758736251146  6.03127203110655e26  3.922899583268814e51  9.7  10.779888682171073  3.2543859510336794  3.215491461695749e51  11.7  13.123414189912623  2.874172185255532  1.4834805786986533e6  1.8
2.73873873873874  3.07989466075084e7  0.20493973924174957  38517.1151120759  1.9535640347886398e8  0.6  83.2791655611525  6.03127203110655e26  3.92093666132666e51  9.7  10.779888682171073  3.2543859510336794  3.2138825092841476e51  11.7  13.123414189912623  2.874172185255532  1.4833147358207202e6  1.8
2.74024024024024  3.10922745406599e7  0.20402284764488152  37909.352171264596  1.9476084449854702e8  0.6  83.2823872106557  6.03127203110655e26  3.9189747215821046e51  9.7  10.779888682171073  3.2543859510336794  3.2122743619525454e51  11.7  13.123414189912623  2.874172185255532  1.4831490735077038e6  1.8
2.74174174174175  3.13847082411081e7  0.2031258937266089  37321.0681939952  1.94161430692554e8  0.6  83.2855407560486  6.03127203110655e26  3.917013763543668e51  9.7  10.779888682171073  3.2543859510336794  3.210667019298089e51  11.7  13.123414189912623  2.874172185255532  1.4829835914642303e6  1.8
2.74324324324325  3.16762419208267e7  0.20224825868777507  36751.4214837736  1.9355828543294802e8  0.6  83.2886285841715  6.03127203110655e26  3.915053786720154e51  9.7  10.779888682171073  3.2543859510336794  3.209060480918159e51  11.7  13.123414189912623  2.874172185255532  1.4828182893955752e6  1.8
2.74474474474475  3.19668699770323e7  0.20138934644578127  36199.6141276093  1.92951877303017e8  0.6  83.2916527926291  6.03127203110655e26  3.913094790620574e51  9.7  10.779888682171073  3.2543859510336794  3.2074547464103075e51  11.7  13.123414189912623  2.874172185255532  1.4826531670076523e6  1.8
2.7462462462462502  3.22565875105203e7  0.2005485901947402  35664.8940235189  1.92342538426223e8  0.6  83.2946154123487  6.03127203110655e26  3.9111367747542e51  9.7  10.779888682171073  3.2543859510336794  3.205849815372295e51  11.7  13.123414189912623  2.874172185255532  1.4824882240070181e6  1.8
2.7477477477477503  3.2545390120769896e7  0.19972544501007425  35146.5481642417  1.91730586091772e8  0.6  83.2975183877753  6.03127203110655e26  3.909179738630543e51  9.7  10.779888682171073  3.2543859510336794  3.204245687402085e51  11.7  13.123414189912623  2.874172185255532  1.4823234601008685e6  1.8
2.7492492492492504  3.28332738836704e7  0.19891938720068558  34643.9004769857  1.91116323289821e8  0.6  83.3003635790456  6.03127203110655e26  3.9072236817593684e51  9.7  10.779888682171073  3.2543859510336794  3.202642362097843e51  11.7  13.123414189912623  2.874172185255532  1.4821588749970368e6  1.8
2.7507507507507603  3.31202353300516e7  0.19812991378248532  34156.3098577549  1.90500039226049e8  0.6  83.3031527634607  6.03127203110655e26  3.905268603650668e51  9.7  10.779888682171073  3.2543859510336794  3.201039839057925e51  11.7  13.123414189912623  2.874172185255532  1.4819944684039908e6  1.8
2.7522522522522603  3.3406271424985602e7  0.19735654207852935  33683.1683909461  1.89882009815084e8  0.6  83.3058876362207  6.03127203110655e26  3.903314503814719e51  9.7  10.779888682171073  3.2543859510336794  3.199438117880918e51  11.7  13.123414189912623  2.874172185255532  1.4818302400308365e6  1.8
2.7537537537537604  3.36913795478311e7  0.19659880794022094  33223.8988496584  1.89262566701997e8  0.6  83.3085697769365  6.03127203110655e26  3.901361381762005e51  9.7  10.779888682171073  3.2543859510336794  3.197837198165578e51  11.7  13.123414189912623  2.874172185255532  1.4816661895873083e6  1.8
2.75525525525526  3.3975557575912096e7  0.19585625244696897  32777.945345711  1.88641824484976e8  0.6  83.3112009048286  6.03127203110655e26  3.8994092370032676e51  9.7  10.779888682171073  3.2543859510336794  3.196237079510875e51  11.7  13.123414189912623  2.874172185255532  1.4815023167837728e6  1.8
2.75675675675676  3.42588035586223e7  0.19512843857293374  32344.7824373203  1.88020091537742e8  0.6  83.3137825139763  6.03127203110655e26  3.8974580690494926e51  9.7  10.779888682171073  3.2543859510336794  3.1946377615159776e51  11.7  13.123414189912623  2.874172185255532  1.4813386213312251e6  1.8
2.75825825825826  3.45411160083787e7  0.19441494679461363  31923.9111921455  1.8739759616143602e8  0.6  83.3163160700481  6.03127203110655e26  3.8955078774119113e51  9.7  10.779888682171073  3.2543859510336794  3.1930392437802556e51  11.7  13.123414189912623  2.874172185255532  1.4811751029412877e6  1.8
2.75975975975976  3.48224937803929e7  0.19371537289174834  31514.8568195538  1.86774555819854e8  0.6  83.3188029805729  6.03127203110655e26  3.893558661601999e51  9.7  10.779888682171073  3.2543859510336794  3.1914415259032783e51  11.7  13.123414189912623  2.874172185255532  1.481011761326209e6  1.8
2.76126126126127  3.51029360563986e7  0.1930293274733867  31117.1674069403  1.86151177556806e8  0.6  83.3212445965643  6.03127203110655e26  3.891610421131463e51  9.7  10.779888682171073  3.2543859510336794  3.189844607484806e51  11.7  13.123414189912623  2.874172185255532  1.48084859619886e6  1.8
2.7627627627627698  3.5382442329006396e7  0.19235643556987966  30730.4127584286  1.85527658396111e8  0.6  83.3236422137887  6.03127203110655e26  3.889663155512294e51  9.7  10.779888682171073  3.2543859510336794  3.1882484881248314e51  11.7  13.123414189912623  2.874172185255532  1.4806856072727367e6  1.8
2.76426426426427  3.56610123866582e7  0.19169633629254526  30354.1833308798  1.8490418572422898e8  0.6  83.3259970736658  6.03127203110655e26  3.887716864256686e51  9.7  10.779888682171073  3.2543859510336794  3.186653167423514e51  11.7  13.123414189912623  2.874172185255532  1.4805227942619529e6  1.8
2.76576576576577  3.59386462991571e7  0.19104868116980497  29988.088485808  1.84280972692104e8  0.6  83.3283103481505  6.03127203110655e26  3.885771546877093e51  9.7  10.779888682171073  3.2543859510336794  3.185058644981224e51  11.7  13.123414189912623  2.874172185255532  1.480360156881242e6  1.8
2.76726726726727  3.6215344456352495e7  0.19041312744083463  29631.7519639773  1.83658119250265e8  0.6  83.3305832762523  6.03127203110655e26  3.883827202886211e51  9.7  10.779888682171073  3.2543859510336794  3.1834649203985334e51  11.7  13.123414189912623  2.874172185255532  1.480197694845955e6  1.8
2.76876876876877  3.64911073981697e7  0.18978934773661602  29284.8167552478  1.83035821634287e8  0.6  83.3328169593454  6.03127203110655e26  3.88188383179698e51  9.7  10.779888682171073  3.2543859510336794  3.1818719932762136e51  11.7  13.123414189912623  2.874172185255532  1.480035407872057e6  1.8
2.77027027027027  3.67659359591821e7  0.18917702647851048  28946.9423410872  1.82414232875568e8  0.6  83.3350124780849  6.03127203110655e26  3.8799414331225843e51  9.7  10.779888682171073  3.2543859510336794  3.1802798632152336e51  11.7  13.123414189912623  2.874172185255532  1.4798732956761287e6  1.8
2.77177177177178  3.703983120374e7  0.18857585893751994  28617.8035633283  1.81793498228088e8  0.6  83.3371708733425  6.03127203110655e26  3.8780000063764405e51  9.7  10.779888682171073  3.2543859510336794  3.178688529816755e51  11.7  13.123414189912623  2.874172185255532  1.4797113579753607e6  1.8
2.77327327327328  3.73127944142927e7  0.18798555087728192  28297.0898545226  1.81173755484331e8  0.6  83.339293147472  6.03127203110655e26  3.876059551072242e51  9.7  10.779888682171073  3.2543859510336794  3.1770979926821655e51  11.7  13.123414189912623  2.874172185255532  1.4795495944875572e6  1.8
2.77477477477478  3.75848270801851e7  0.18740581823247313  27984.504523602  1.8055513527792498e8  0.6  83.3413802653981  6.03127203110655e26  3.8741200667238925e51  9.7  10.779888682171073  3.2543859510336794  3.175508251413027e51  11.7  13.123414189912623  2.874172185255532  1.479388004931129e6  1.8
2.7762762762762803  3.78559308869087e7  0.1868363868230039  27679.7640940176  1.79937761373223e8  0.6  83.3434331555253  6.03127203110655e26  3.872181552845551e51  9.7  10.779888682171073  3.2543859510336794  3.173919305611107e51  11.7  13.123414189912623  2.874172185255532  1.4792265890250944e6  1.8
2.7777777777777803  3.81261077057874e7  0.18627699164290676  27382.5974512436  1.79321767248896e8  0.6  83.3454527006581  6.03127203110655e26  3.870244008951615e51  9.7  10.779888682171073  3.2543859510336794  3.172331154878373e51  11.7  13.123414189912623  2.874172185255532  1.4790653464890774e6  1.8
2.7792792792792804  3.83953596085635e7  0.18572737320505975  27092.7434592851  1.78707231516959e8  0.6  83.3474398085773  6.03127203110655e26  3.8683074345567304e51  9.7  10.779888682171073  3.2543859510336794  3.1707437988169924e51  11.7  13.123414189912623  2.874172185255532  1.4789042770433058e6  1.8
2.7807807807807903  3.86636887850155e7  0.18518728199254458  26809.9529561953  1.78094275575817e8  0.6  83.3493953106366  6.03127203110655e26  3.866371829175771e51  9.7  10.779888682171073  3.2543859510336794  3.169157237029321e51  11.7  13.123414189912623  2.874172185255532  1.4787433804086088e6  1.8
2.7822822822822904  3.8931097607201405e7  0.18465647704456697  26533.9875828949  1.77482998703648e8  0.6  83.3513200190579  6.03127203110655e26  3.864437192323891e51  9.7  10.779888682171073  3.2543859510336794  3.167571469117944e51  11.7  13.123414189912623  2.874172185255532  1.4785826563064198e6  1.8
2.78378378378379  3.91975885962459e7  0.18413472521789392  26264.6190306413  1.7687349466775098e8  0.6  83.3532147182334  6.03127203110655e26  3.862503523516451e51  9.7  10.779888682171073  3.2543859510336794  3.165986494685616e51  11.7  13.123414189912623  2.874172185255532  1.4784221044587675e6  1.8
2.78528528528529  3.94631644140653e7  0.18362180091925182  26001.6285580268  1.7626585195747e8  0.6  83.3550801656869  6.03127203110655e26  3.860570822269064e51  9.7  10.779888682171073  3.2543859510336794  3.164402313335299e51  11.7  13.123414189912623  2.874172185255532  1.478261724588279e6  1.8
2.78678678678679  3.9727827855442904e7  0.1831174858571844  25744.806538867204  1.75660154007227e8  0.6  83.3569170929454  6.03127203110655e26  3.858639088097588e51  9.7  10.779888682171073  3.2543859510336794  3.162818924670154e51  11.7  13.123414189912623  2.874172185255532  1.478101516418178e6  1.8
2.78828828828829  3.99915818404388e7  0.18262156881328215  25493.9520393596  1.7505647940994102e8  0.6  83.3587262063221  6.03127203110655e26  3.8567083205181216e51  9.7  10.779888682171073  3.2543859510336794  3.161236328293542e51  11.7  13.123414189912623  2.874172185255532  1.4779414796722822e6  1.8
2.78978978978979  4.0254429407120295e7  0.18213384540982322  25248.8724099714  1.7445489575288802e8  0.6  83.3605081928605  6.03127203110655e26  3.8547785190470055e51  9.7  10.779888682171073  3.2543859510336794  3.159654523809021e51  11.7  13.123414189912623  2.874172185255532  1.4777816140750013e6  1.8
2.7912912912913  4.05163736950376e7  0.18165411672065274  25009.382326014  1.73855485436324e8  0.6  83.3622637072206  6.03127203110655e26  3.85284968320081e51  9.7  10.779888682171073  3.2543859510336794  3.158073510820337e51  11.7  13.123414189912623  2.874172185255532  1.4776219193513356e6  1.8
2.7927927927928  4.07774179674645e7  0.1811821898036023  24775.303802295803  1.73258307496073e8  0.6  83.3639933988715  6.03127203110655e26  3.850921812496388e51  9.7  10.779888682171073  3.2543859510336794  3.156493288931465e51  11.7  13.123414189912623  2.874172185255532  1.477462395226878e6  1.8
2.7942942942943  4.10375655763174e7  0.18071787816982984  24546.4661923436  1.72663423272385e8  0.6  83.3656978886238  6.03127203110655e26  3.848994906450791e51  9.7  10.779888682171073  3.2543859510336794  3.154913857746551e51  11.7  13.123414189912623  2.874172185255532  1.4773030414278063e6  1.8
2.7957957957958  4.1296819965615295e7  0.18026100102196146  24322.7055794788  1.7207089024694598e8  0.6  83.3673777775873  6.03127203110655e26  3.84706896458133e51  9.7  10.779888682171073  3.2543859510336794  3.153335216869942e51  11.7  13.123414189912623  2.874172185255532  1.4771438576808851e6  1.8
2.7972972972973  4.15551846656858e7  0.17981138303410943  24103.8644564838  1.71480762214115e8  0.6  83.3690336480057  6.03127203110655e26  3.845143986405553e51  9.7  10.779888682171073  3.2543859510336794  3.151757365906191e51  11.7  13.123414189912623  2.874172185255532  1.4769848437134642e6  1.8
2.7987987987988  4.1812663287628904e7  0.1793688541378339  23889.7914209819  1.70893089445488e8  0.6  83.3706660640738  6.03127203110655e26  3.843219971441252e51  9.7  10.779888682171073  3.2543859510336794  3.150180304460043e51  11.7  13.123414189912623  2.874172185255532  1.4768259992534763e6  1.8
2.8003003003003  4.20692595180275e7  0.1789332493132866  23680.3408853794  1.70307918848094e8  0.6  83.3722755727402  6.03127203110655e26  3.8412969192064614e51  9.7  10.779888682171073  3.2543859510336794  3.148604032136444e51  11.7  13.123414189912623  2.874172185255532  1.4766673240294359e6  1.8
2.80180180180181  4.23249771138956e7  0.17850440838472806  23475.3728002853  1.69725294116496e8  0.6  83.3738627044987  6.03127203110655e26  3.839374829219441e51  9.7  10.779888682171073  3.2543859510336794  3.1470285485405255e51  11.7  13.123414189912623  2.874172185255532  1.4765088177704369e6  1.8
2.80330330330331  4.25798198978543e7  0.17808217594876977  23274.7524509033  1.69145252904813e8  0.6  83.3754279760349  6.03127203110655e26  3.83745370099873e51  9.7  10.779888682171073  3.2543859510336794  3.145453853277648e51  11.7  13.123414189912623  2.874172185255532  1.476350480206154e6  1.8
2.80480480480481  4.2833791749062695e7  0.1776664017642282  23078.3504828083  1.68567838779367e8  0.6  83.3769718770578  6.03127203110655e26  3.835533534063075e51  9.7  10.779888682171073  3.2543859510336794  3.14387994595334e51  11.7  13.123414189912623  2.874172185255532  1.4761923110668366e6  1.8
2.8063063063063103  4.3086896612094805e7  0.17725693966224046  22886.042226704  1.67993083621469e8  0.6  83.3784948920591  6.03127203110655e26  3.833614327931471e51  9.7  10.779888682171073  3.2543859510336794  3.1423068261733364e51  11.7  13.123414189912623  2.874172185255532  1.4760343100833101e6  1.8
2.8078078078078104  4.33391384793943e7  0.1768536476742964  22697.707622209004  1.67421019614374e8  0.6  83.3799974887529  6.03127203110655e26  3.8316960821231534e51  9.7  10.779888682171073  3.2543859510336794  3.140734493543569e51  11.7  13.123414189912623  2.874172185255532  1.4758764769869738e6  1.8
2.80930930930931  4.35905213917282e7  0.17645638793382437  22513.2310364298  1.6685167638684398e8  0.6  83.3814801209165  6.03127203110655e26  3.8297787961576034e51  9.7  10.779888682171073  3.2543859510336794  3.139162947670167e51  11.7  13.123414189912623  2.874172185255532  1.4757188115098e6  1.8
2.8108108108108203  4.38410494343511e7  0.17606502652809697  22332.5010671755  1.662850811304e8  0.6  83.3829432289295  6.03127203110655e26  3.827862469554524e51  9.7  10.779888682171073  3.2543859510336794  3.137592188159446e51  11.7  13.123414189912623  2.874172185255532  1.4755613133843292e6  1.8
2.8123123123123204  4.40907267333457e7  0.17567943335465885  22155.4103555069  1.65721258711843e8  0.6  83.3843872402991  6.03127203110655e26  3.825947101833902e51  9.7  10.779888682171073  3.2543859510336794  3.1360222146179524e51  11.7  13.123414189912623  2.874172185255532  1.4754039823436765e6  1.8
2.81381381381382  4.4339557452132195e7  0.17529948198188156  21981.8554070092  1.6516023178124e8  0.6  83.3858125701704  6.03127203110655e26  3.8240326925159226e51  9.7  10.779888682171073  3.2543859510336794  3.134453026652396e51  11.7  13.123414189912623  2.874172185255532  1.47524681812152e6  1.8
2.81531531531532  4.458754578814e7  0.174925049513231  21811.7364212136  1.64602020875588e8  0.6  83.3872196218263  6.03127203110655e26  3.822119241121023e51  9.7  10.779888682171073  3.2543859510336794  3.132884623869692e51  11.7  13.123414189912623  2.874172185255532  1.4750898204521064e6  1.8
2.81681681681682  4.4834695969634995e7  0.17455601655096403  21644.9571722809  1.64046645676022e8  0.6  83.3886087855243  6.03127203110655e26  3.8202067471698844e51  9.7  10.779888682171073  3.2543859510336794  3.131317005876955e51  11.7  13.123414189912623  2.874172185255532  1.474932989070246e6  1.8
2.81831831831832  4.5081012254433796e7  0.17419226722909448  21481.4249237283  1.63494120404341e8  0.6  83.3899804426278  6.03127203110655e26  3.818295210183426e51  9.7  10.779888682171073  3.2543859510336794  3.129750172281497e51  11.7  13.123414189912623  2.874172185255532  1.4747763237113133e6  1.8
2.81981981981982  4.53264989217076e7  0.17383368876330083  21321.0501336829  1.62944460979302e8  0.6  83.3913349610449  6.03127203110655e26  3.8163846296828046e51  9.7  10.779888682171073  3.2543859510336794  3.1281841226908236e51  11.7  13.123414189912623  2.874172185255532  1.4746198241112446e6  1.8
2.82132132132133  4.55711602745293e7  0.17348017146956107  21163.746375155602  1.62397680399409e8  0.6  83.3926726994434  6.03127203110655e26  3.814475005189405e51  9.7  10.779888682171073  3.2543859510336794  3.1266188567126275e51  11.7  13.123414189912623  2.874172185255532  1.4744634900065344e6  1.8
2.82282282282283  4.5815000635489404e7  0.17313160867651972  21009.430213766103  1.6185378999685502e8  0.6  83.3939940064002  6.03127203110655e26  3.812566336224893e51  9.7  10.779888682171073  3.2543859510336794  3.1250543739548305e51  11.7  13.123414189912623  2.874172185255532  1.4743073211342404e6  1.8
2.82432432432433  4.60580243441934e7  0.1727878966277562  20858.0210849829  1.6131279951634198e8  0.6  83.3952992207412  6.03127203110655e26  3.810658622311131e51  9.7  10.779888682171073  3.2543859510336794  3.123490674025518e51  11.7  13.123414189912623  2.874172185255532  1.4741513172319739e6  1.8
2.82582582582583  4.6300235754878595e7  0.17244893438843878  20709.4411774656  1.60774717190441e8  0.6  83.3965886718635  6.03127203110655e26  3.8087518629702354e51  9.7  10.779888682171073  3.2543859510336794  3.1219277565329805e51  11.7  13.123414189912623  2.874172185255532  1.4739954780379033e6  1.8
2.82732732732733  4.65416392341435e7  0.17211462375626377  20563.6153222239  1.6023954981160998e8  0.6  83.397862680042  6.03127203110655e26  3.806846057724562e51  9.7  10.779888682171073  3.2543859510336794  3.120365621085707e51  11.7  13.123414189912623  2.874172185255532  1.4738398032907515e6  1.8
2.82882882882883  4.67822391587856e7  0.17178486917662164  20420.4708873281  1.59707302800987e8  0.6  83.3991215567188  6.03127203110655e26  3.804941206096705e51  9.7  10.779888682171073  3.2543859510336794  3.118804267292382e51  11.7  13.123414189912623  2.874172185255532  1.4736842927297938e6  1.8
2.83033033033033  4.7022039913742e7  0.17145957763172712  20279.9376650187  1.5917798086091e8  0.6  83.400365604424  6.03127203110655e26  3.8030373076094975e51  9.7  10.779888682171073  3.2543859510336794  3.1172436947618834e51  11.7  13.123414189912623  2.874172185255532  1.4735289460948578e6  1.8
2.83183183183184  4.7261045891010694e7  0.17113865846280232  20141.947733152  1.58651585741406e8  0.6  83.4015951194886  6.03127203110655e26  3.8011343617859993e51  9.7  10.779888682171073  3.2543859510336794  3.115683903103278e51  11.7  13.123414189912623  2.874172185255532  1.4733737631263193e6  1.8
2.83333333333334  4.7499261485217e7  0.17082202346686148  20006.4354394693  1.58128119743252e8  0.6  83.4028103885207  6.03127203110655e26  3.799232368149545e51  9.7  10.779888682171073  3.2543859510336794  3.1141248919258565e51  11.7  13.123414189912623  2.874172185255532  1.473218743565106e6  1.8
2.8348348348348402  4.77366910944411e7  0.1705095867590274  19873.337285835798  1.57607583466704e8  0.6  83.4040116909311  6.03127203110655e26  3.797331326223672e51  9.7  10.779888682171073  3.2543859510336794  3.1125666608390755e51  11.7  13.123414189912623  2.874172185255532  1.4730638871526897e6  1.8
2.8363363363363403  4.79733391176643e7  0.1702012646926633  19742.591841137  1.57089976451283e8  0.6  83.4051992987208  6.03127203110655e26  3.795431235532168e51  9.7  10.779888682171073  3.2543859510336794  3.111009209452597e51  11.7  13.123414189912623  2.874172185255532  1.472909193631089e6  1.8
2.8378378378378404  4.8209209953176804e7  0.16989697578956356  19614.1396610586  1.5657529722967198e8  0.6  83.4063734767163  6.03127203110655e26  3.793532095599059e51  9.7  10.779888682171073  3.2543859510336794  3.109452537376278e51  11.7  13.123414189912623  2.874172185255532  1.4727546627428667e6  1.8
2.83933933933934  4.84443079970652e7  0.1695966406729496  19487.9232115767  1.56063543379388e8  0.6  83.4075344827939  6.03127203110655e26  3.791633905948609e51  9.7  10.779888682171073  3.2543859510336794  3.107896644220172e51  11.7  13.123414189912623  2.874172185255532  1.472600294231128e6  1.8
2.8408408408408503  4.8678637641779e7  0.1693001820032012  19363.886795986702  1.5555471157231e8  0.6  83.4086825680927  6.03127203110655e26  3.7897366661053064e51  9.7  10.779888682171073  3.2543859510336794  3.106341529594514e51  11.7  13.123414189912623  2.874172185255532  1.4724460878395187e6  1.8
2.8423423423423504  4.89122032747704e7  0.16900752441625347  19241.9764853069  1.55048797622159e8  0.6  83.4098179772177  6.03127203110655e26  3.787840375593918e51  9.7  10.779888682171073  3.2543859510336794  3.104787193109769e51  11.7  13.123414189912623  2.874172185255532  1.4722920433122276e6  1.8
2.84384384384385  4.91450092772061e7  0.16871859446900467  19122.1400556034  1.5454580139025998e8  0.6  83.4109409402582  6.03127203110655e26  3.785945033939408e51  9.7  10.779888682171073  3.2543859510336794  3.103233634376565e51  11.7  13.123414189912623  2.874172185255532  1.472138160393979e6  1.8
2.84534534534535  4.93770600300443e7  0.1684333204924337  19004.3268798411  1.54045707352473e8  0.6  83.4120517062106  6.03127203110655e26  3.784050640666993e51  9.7  10.779888682171073  3.2543859510336794  3.1016808530057316e51  11.7  13.123414189912623  2.874172185255532  1.4719844388300353e6  1.8
2.84684684684685  4.9608359890934e7  0.16815163265480276  18888.4879276825  1.53548513869831e8  0.6  83.4131504934926  6.03127203110655e26  3.782157195302123e51  9.7  10.779888682171073  3.2543859510336794  3.1001288486082975e51  11.7  13.123414189912623  2.874172185255532  1.4718308783661942e6  1.8
2.84834834834835  4.9838913215062805e7  0.16787346286451893  18774.575681513  1.53054213740263e8  0.6  83.4142375229086  6.03127203110655e26  3.7802646973704925e51  9.7  10.779888682171073  3.2543859510336794  3.098577620795486e51  11.7  13.123414189912623  2.874172185255532  1.4716774787487886e6  1.8
2.84984984984985  5.0068724346805e7  0.16759874471582298  18662.5440814722  1.52562799107324e8  0.6  83.4153130097421  6.03127203110655e26  3.7783731463980256e51  9.7  10.779888682171073  3.2543859510336794  3.0970271691787096e51  11.7  13.123414189912623  2.874172185255532  1.471524239724683e6  1.8
2.85135135135136  5.02977976187379e7  0.16732741343812957  18552.3484717717  1.52074261496041e8  0.6  83.4163771639265  6.03127203110655e26  3.776482541910877e51  9.7  10.779888682171073  3.2543859510336794  3.0954774933695716e51  11.7  13.123414189912623  2.874172185255532  1.4713711610412733e6  1.8
2.85285285285286  5.05261373507139e7  0.16705940584720122  18443.945549328302  1.5158859184713602e8  0.6  83.417430190211  6.03127203110655e26  3.774592883435475e51  9.7  10.779888682171073  3.2543859510336794  3.0939285929798975e51  11.7  13.123414189912623  2.874172185255532  1.4712182424464885e6  1.8
2.85435435435436  5.07537478489829e7  0.1667946602981096  18337.2933146084  1.51105780549687e8  0.6  83.4184722883184  6.03127203110655e26  3.7727041704984436e51  9.7  10.779888682171073  3.2543859510336794  3.0923804676216755e51  11.7  13.123414189912623  2.874172185255532  1.4710654836887822e6  1.8
2.85585585585586  5.09806334053638e7  0.16653311663991932  18232.3510245801  1.50625817472287e8  0.6  83.419503653099  6.03127203110655e26  3.77081640262666e51  9.7  10.779888682171073  3.2543859510336794  3.090833116907099e51  11.7  13.123414189912623  2.874172185255532  1.470912884517138e6  1.8
2.85735735735736  5.1206798296463296e7  0.16627471617204392  18129.0791476805  1.50148691992752e8  0.6  83.4205244746769  6.03127203110655e26  3.768929579347238e51  9.7  10.779888682171073  3.2543859510336794  3.089286540448556e51  11.7  13.123414189912623  2.874172185255532  1.4707604446810635e6  1.8
2.85885885885886  5.14322467829389e7  0.16601940160223452  18027.439320707002  1.49674393026421e8  0.6  83.4215349385925  6.03127203110655e26  3.767043700187525e51  9.7  10.779888682171073  3.2543859510336794  3.087740737858627e51  11.7  13.123414189912623  2.874172185255532  1.4706081639305921e6  1.8
2.86036036036037  5.16569831088044e7  0.16576711700614138  17927.3943075503  1.49202909053112e8  0.6  83.4225352259383  6.03127203110655e26  3.7651587646750944e51  9.7  10.779888682171073  3.2543859510336794  3.086195708750078e51  11.7  13.123414189912623  2.874172185255532  1.4704560420162797e6  1.8
2.86186186186187  5.18810115007761e7  0.1655178077884221  17828.9079596885  1.4873422814275798e8  0.6  83.4235255134901  6.03127203110655e26  3.7632747723377954e51  9.7  10.779888682171073  3.2543859510336794  3.0846514527358984e51  11.7  13.123414189912623  2.874172185255532  1.4703040786892057e6  1.8
2.86336336336337  5.21043361676571e7  0.16527142064535105  17731.945178367998  1.48268337979782e8  0.6  83.4245059738336  6.03127203110655e26  3.761391722703672e51  9.7  10.779888682171073  3.2543859510336794  3.08310796942924e51  11.7  13.123414189912623  2.874172185255532  1.4701522737009677e6  1.8
2.8648648648648702  5.2326961299758896e7  0.16502790352889712  17636.4718784024  1.47805225886241e8  0.6  83.4254767754849  6.03127203110655e26  3.75950961530102e51  9.7  10.779888682171073  3.2543859510336794  3.081565258443459e51  11.7  13.123414189912623  2.874172185255532  1.4700006268036833e6  1.8
2.8663663663663703  5.25488910683568e7  0.16478720561223797  17542.4549535205  1.47344878843784e8  0.6  83.4264380830074  6.03127203110655e26  3.75762844965837e51  9.7  10.779888682171073  3.2543859510336794  3.0800233193921064e51  11.7  13.123414189912623  2.874172185255532  1.4698491377499877e6  1.8
2.8678678678678704  5.2770129625179306e7  0.16454927725668705  17449.862243204603  1.46887283514444e8  0.6  83.4273900571236  6.03127203110655e26  3.755748225304486e51  9.7  10.779888682171073  3.2543859510336794  3.0784821518889234e51  11.7  13.123414189912623  2.874172185255532  1.4696978062930328e6  1.8
2.86936936936937  5.29906811019278e7  0.16431406998000278  17358.662500958202  1.46432426260325e8  0.6  83.4283328548221  6.03127203110655e26  3.7538689417683756e51  9.7  10.779888682171073  3.2543859510336794  3.076941755547849e51  11.7  13.123414189912623  2.874172185255532  1.469546632186485e6  1.8
2.8708708708708803  5.3210549609826095e7  0.16408153642605694  17268.8253639482  1.4598029316217798e8  0.6  83.4292666294606  6.03127203110655e26  3.7519905985792606e51  9.7  10.779888682171073  3.2543859510336794  3.075402129983001e51  11.7  13.123414189912623  2.874172185255532  1.4693956151845234e6  1.8
2.8723723723723804  5.34297392391988e7  0.16385163033585  17180.321323971802  1.45530870036934e8  0.6  83.4301915308642  6.03127203110655e26  3.75011319526664e51  9.7  10.779888682171073  3.2543859510336794  3.073863274808721e51  11.7  13.123414189912623  2.874172185255532  1.4692447550418433e6  1.8
2.87387387387388  5.364825405907401e7  0.16362430646325674  17093.1216735076  1.45084129561714e8  0.6  83.4311077277148  6.03127203110655e26  3.748236731360211e51  9.7  10.779888682171073  3.2543859510336794  3.072325189639517e51  11.7  13.123414189912623  2.874172185255532  1.4690940515136465e6  1.8
2.87537537537538  5.3866098097455e7  0.1633995205125834  17007.1984840683  1.4464008315940002e8  0.6  83.4320153186952  6.03127203110655e26  3.7463612063899175e51  9.7  10.779888682171073  3.2543859510336794  3.070787874090097e51  11.7  13.123414189912623  2.874172185255532  1.468943504355647e6  1.8
2.87687687687688  5.40832753994962e7  0.16317722918860153  16922.524582522197  1.44198703089532e8  0.6  83.432914466111  6.03127203110655e26  3.744486619885939e51  9.7  10.779888682171073  3.2543859510336794  3.06925132777536e51  11.7  13.123414189912623  2.874172185255532  1.4687931133240657e6  1.8
2.87837837837838  5.4299789968699604e7  0.16295739022462186  16839.0735649331  1.43759974373965e8  0.6  83.4338053067817  6.03127203110655e26  3.742612971378692e51  9.7  10.779888682171073  3.2543859510336794  3.0677155503104034e51  11.7  13.123414189912623  2.874172185255532  1.4686428781756319e6  1.8
2.87987987987988  5.451564578607799e7  0.16273996229564283  16756.819744361  1.4332388186426198e8  0.6  83.4346879744886  6.03127203110655e26  3.7407402603988225e51  9.7  10.779888682171073  3.2543859510336794  3.066180541310511e51  11.7  13.123414189912623  2.874172185255532  1.4684927986675794e6  1.8
2.8813813813813898  5.47308468098982e7  0.16252490499236735  16675.7381272231  1.42890410256215e8  0.6  83.4355626000596  6.03127203110655e26  3.738868486477206e51  9.7  10.779888682171073  3.2543859510336794  3.064646300391153e51  11.7  13.123414189912623  2.874172185255532  1.4683428745576465e6  1.8
2.88288288288289  5.4945396975448e7  0.16231217879596962  16595.8043905312  1.42459544103709e8  0.6  83.4364293114529  6.03127203110655e26  3.736997649144985e51  9.7  10.779888682171073  3.2543859510336794  3.063112827168021e51  11.7  13.123414189912623  2.874172185255532  1.4681931056040765e6  1.8
2.88438438438439  5.5159300194823e7  0.16210174505359332  16516.9948599632  1.4203126783197498e8  0.6  83.4372882338381  6.03127203110655e26  3.7351277479335014e51  9.7  10.779888682171073  3.2543859510336794  3.0615801212569685e51  11.7  13.123414189912623  2.874172185255532  1.4680434915656121e6  1.8
2.88588588588589  5.53725603567329e7  0.16189356595452226  16439.2864887325  1.41605565750241e8  0.6  83.4381394896749  6.03127203110655e26  3.733258782374342e51  9.7  10.779888682171073  3.2543859510336794  3.060048182274051e51  11.7  13.123414189912623  2.874172185255532  1.4678940322014978e6  1.8
2.88738738738739  5.55851813263278e7  0.16168760450701  16362.6568372166  1.41182422063825e8  0.6  83.4389831987897  6.03127203110655e26  3.731390751999332e51  9.7  10.779888682171073  3.2543859510336794  3.0585170098355183e51  11.7  13.123414189912623  2.874172185255532  1.4677447272714758e6  1.8
2.88888888888889  5.57971669450423e7  0.16148382451573115  16287.0840533106  1.40761820885692e8  0.6  83.4398194784501  6.03127203110655e26  3.7295236563405263e51  9.7  10.779888682171073  3.2543859510336794  3.056986603557809e51  11.7  13.123414189912623  2.874172185255532  1.4675955765357881e6  1.8
2.8903903903904  5.60085210304562e7  0.16128219055981563  16212.5468534719  1.40343746247491e8  0.6  83.440648443438  6.03127203110655e26  3.7276574949302055e51  9.7  10.779888682171073  3.2543859510336794  3.055456963057546e51  11.7  13.123414189912623  2.874172185255532  1.4674465797551707e6  1.8
2.8918918918919  5.62192473761732e7  0.16108266797144652  16139.0245044237  1.39928182110102e8  0.6  83.4414702061204  6.03127203110655e26  3.725792267300918e51  9.7  10.779888682171073  3.2543859510336794  3.0539280879515726e51  11.7  13.123414189912623  2.874172185255532  1.467297736690859e6  1.8
2.8933933933934  5.6429349751713894e7  0.16088522281498405  16066.4968054877  1.39515112373726e8  0.6  83.442284876519  6.03127203110655e26  3.723927972985411e51  9.7  10.779888682171073  3.2543859510336794  3.052399977856895e51  11.7  13.123414189912623  2.874172185255532  1.4671490471045787e6  1.8
2.8948948948949003  5.66388319024252e7  0.16068982186659153  15994.944071514801  1.39104520887519e8  0.6  83.4430925623778  6.03127203110655e26  3.722064611516677e51  9.7  10.779888682171073  3.2543859510336794  3.050872632390719e51  11.7  13.123414189912623  2.874172185255532  1.4670005107585497e6  1.8
2.8963963963964003  5.68476975494034e7  0.16049643259433477  15924.3471163879  1.38696391458808e8  0.6  83.4438933692297  6.03127203110655e26  3.720202182427944e51  9.7  10.779888682171073  3.2543859510336794  3.049346051170446e51  11.7  13.123414189912623  2.874172185255532  1.4668521274154831e6  1.8
2.8978978978979004  5.70559503894316e7  0.1603050231387281  15854.6872370696  1.3829070786190602e8  0.6  83.4446874004616  6.03127203110655e26  3.7183406852526704e51  9.7  10.779888682171073  3.2543859510336794  3.047820233813664e51  11.7  13.123414189912623  2.874172185255532  1.46670389683858e6  1.8
2.8993993993994  5.726359409492999e7  0.16011556229370014  15785.9461981675  1.37887453846539e8  0.6  83.4454747573781  6.03127203110655e26  3.716480119524551e51  9.7  10.779888682171073  3.2543859510336794  3.046295179938157e51  11.7  13.123414189912623  2.874172185255532  1.4665558187915308e6  1.8
2.9009009009009104  5.74706323139188e7  0.15992801948795418  15718.1062169957  1.3748661314591e8  0.6  83.4462555392643  6.03127203110655e26  3.714620484777499e51  9.7  10.779888682171073  3.2543859510336794  3.0447708891618844e51  11.7  13.123414189912623  2.874172185255532  1.4664078930385127e6  1.8
2.9024024024024104  5.76770686699938e7  0.15974236476669987  15651.1499491066  1.3708816948442e8  0.6  83.4470298434472  6.03127203110655e26  3.7127617805456994e51  9.7  10.779888682171073  3.2543859510336794  3.043247361103032e51  11.7  13.123414189912623  2.874172185255532  1.4662601193441916e6  1.8
2.90390390390391  5.78829067623127e7  0.1595585687737346  15585.0604742724  1.36692106585052e8  0.6  83.4477977653568  6.03127203110655e26  3.7109040063635345e51  9.7  10.779888682171073  3.2543859510336794  3.0417245953799463e51  11.7  13.123414189912623  2.874172185255532  1.4661124974737167e6  1.8
2.90540540540541  5.80881501655935e7  0.1593766028125539  15519.8213058988  1.36298393860082e8  0.6  83.4485594260669  6.03127203110655e26  3.709047161765629e51  9.7  10.779888682171073  3.2543859510336794  3.0402025916111715e51  11.7  13.123414189912623  2.874172185255532  1.4659650271927207e6  1.8
2.90690690690691  5.82928024086267e7  0.15919643920650742  15455.416532930501  1.35907043557779e8  0.6  83.4493148592429  6.03127203110655e26  3.707191246286843e51  9.7  10.779888682171073  3.2543859510336794  3.0386813494154454e51  11.7  13.123414189912623  2.874172185255532  1.46581770826732e6  1.8
2.90840840840841  5.84968670385934e7  0.15901805044675527  15391.830476307501  1.3551802505705202e8  0.6  83.4500641820953  6.03127203110655e26  3.705336259462267e51  9.7  10.779888682171073  3.2543859510336794  3.037160868411694e51  11.7  13.123414189912623  2.874172185255532  1.4656705404641118e6  1.8
2.90990990990991  5.8700347556696996e7  0.15884140958762955  15329.0478456013  1.3513132209688e8  0.6  83.4508074821822  6.03127203110655e26  3.703482200827226e51  9.7  10.779888682171073  3.2543859510336794  3.035641148219038e51  11.7  13.123414189912623  2.874172185255532  1.4655235235501744e6  1.8
2.91141141141142  5.890324743972539e7  0.1586664902246707  15267.053719658701  1.3474691844065303e8  0.6  83.4515448453282  6.03127203110655e26  3.7016290699172655e51  9.7  10.779888682171073  3.2543859510336794  3.034122188456775e51  11.7  13.123414189912623  2.874172185255532  1.465376657293063e6  1.8
2.91291291291292  5.9105570140086696e7  0.15849326648096887  15205.833535675702  1.3436479788128102e8  0.6  83.4522763556683  6.03127203110655e26  3.699776866268198e51  9.7  10.779888682171073  3.2543859510336794  3.0326039887444246e51  11.7  13.123414189912623  2.874172185255532  1.4652299414608134e6  1.8
2.91441441441442  5.9307319085854396e7  0.15832171299386802  15145.3730786296  1.33984944246033e8  0.6  83.4530020956916  6.03127203110655e26  3.6979255894160333e51  9.7  10.779888682171073  3.2543859510336794  3.031086548701667e51  11.7  13.123414189912623  2.874172185255532  1.4650833758219362e6  1.8
2.91591591591592  5.9508497680818394e7  0.15815180490199512  15085.658471055202  1.3360734140113302e8  0.6  83.4537221462832  6.03127203110655e26  3.696075238897025e51  9.7  10.779888682171073  3.2543859510336794  3.0295698679483816e51  11.7  13.123414189912623  2.874172185255532  1.464936960145417e6  1.8
2.91741741741742  5.97091093045439e7  0.15798351783261375  15026.6761631506  1.3323197325611798e8  0.6  83.4544365867656  6.03127203110655e26  3.69422581424766e51  9.7  10.779888682171073  3.2543859510336794  3.02805394610464e51  11.7  13.123414189912623  2.874172185255532  1.4647906942007162e6  1.8
2.91891891891892  5.99091573124359e7  0.157816827889284  14968.4129231981  1.32858823767965e8  0.6  83.4551454949389  6.03127203110655e26  3.6923773150046546e51  9.7  10.779888682171073  3.2543859510336794  3.026538782790701e51  11.7  13.123414189912623  2.874172185255532  1.464644577757766e6  1.8
2.92042042042043  6.01086450358112e7  0.1576517116398101  14910.855828287  1.3248787694500601e8  0.6  83.4558489471202  6.03127203110655e26  3.6905297407049466e51  9.7  10.779888682171073  3.2543859510336794  3.025024377627006e51  11.7  13.123414189912623  2.874172185255532  1.4644986105869708e6  1.8
2.92192192192193  6.03075757819749e7  0.15748814610446948  14853.9922553263  1.3211911685063002e8  0.6  83.4565470181821  6.03127203110655e26  3.688683090885742e51  9.7  10.779888682171073  3.2543859510336794  3.023510730234215e51  11.7  13.123414189912623  2.874172185255532  1.4643527924592071e6  1.8
2.92342342342343  6.05059528343032e7  0.157326108744503  14797.8098723341  1.3175252760679601e8  0.6  83.4572397815904  6.03127203110655e26  3.686837365084441e51  9.7  10.779888682171073  3.2543859510336794  3.021997840233149e51  11.7  13.123414189912623  2.874172185255532  1.4642071231458182e6  1.8
2.9249249249249303  6.07037794523314e7  0.15716557745086004  14742.2966299928  1.3138809339735301e8  0.6  83.4579273094414  6.03127203110655e26  3.684992562838688e51  9.7  10.779888682171073  3.2543859510336794  3.0204857072448267e51  11.7  13.123414189912623  2.874172185255532  1.4640616024186157e6  1.8
2.9264264264264304  6.09010588718469e7  0.157006530533183  14687.4407534583  1.31025798471178e8  0.6  83.4586096724976  6.03127203110655e26  3.683148683686359e51  9.7  10.779888682171073  3.2543859510336794  3.018974330890459e51  11.7  13.123414189912623  2.874172185255532  1.4639162300498788e6  1.8
2.92792792792793  6.10977943049868e7  0.1568489467090132  14633.2307344124  1.30665627145151e8  0.6  83.4592869402237  6.03127203110655e26  3.681305727165561e51  9.7  10.779888682171073  3.2543859510336794  3.0174637107914434e51  11.7  13.123414189912623  2.874172185255532  1.4637710058123523e6  1.8
2.92942942942943  6.129398894034e7  0.15669280509322203  14579.655323348601  1.30307563806965e8  0.6  83.4599591808214  6.03127203110655e26  3.6794636928146306e51  9.7  10.779888682171073  3.2543859510336794  3.01595384656937e51  11.7  13.123414189912623  2.874172185255532  1.4636259294792449e6  1.8
2.9309309309309404  6.1489645943053104e7  0.15653808518763898  14526.703522080901  1.2995159291777599e8  0.6  83.460626461264  6.03127203110655e26  3.677622580172126e51  9.7  10.779888682171073  3.2543859510336794  3.0144447378460054e51  11.7  13.123414189912623  2.874172185255532  1.4634810008242277e6  1.8
2.93243243243244  6.16847684549417e7  0.15638476687087538  14474.3645764664  1.2959769901471499e8  0.6  83.46128884733  6.03127203110655e26  3.6757823887768714e51  9.7  10.779888682171073  3.2543859510336794  3.012936384243337e51  11.7  13.123414189912623  2.874172185255532  1.4633362196214367e6  1.8
2.93393393393394  6.18793595946034e7  0.15623283038833052  14422.6279693318  1.2924586671325499e8  0.6  83.4619464036366  6.03127203110655e26  3.673943118167884e51  9.7  10.779888682171073  3.2543859510336794  3.0114287853835115e51  11.7  13.123414189912623  2.874172185255532  1.463191585645466e6  1.8
2.93543543543544  6.2073422457536206e7  0.15608225634237058  14371.4834135965  1.2889608070944402e8  0.6  83.4625991936725  6.03127203110655e26  3.672104767884427e51  9.7  10.779888682171073  3.2543859510336794  3.0099219408888747e51  11.7  13.123414189912623  2.874172185255532  1.4630470986713711e6  1.8
2.93693693693694  6.22669601162591e7  0.1559330256826675  14320.9208455819  1.2854832578201799e8  0.6  83.4632472798305  6.03127203110655e26  3.6702673374659915e51  9.7  10.779888682171073  3.2543859510336794  3.0084158503819605e51  11.7  13.123414189912623  2.874172185255532  1.462902758474664e6  1.8
2.93843843843844  6.2459975620436296e7  0.15578511969680917  14270.930413793802  1.28202576199641e8  0.6  83.4638907511974  6.03127203110655e26  3.668430826452299e51  9.7  10.779888682171073  3.2543859510336794  3.006910513485491e51  11.7  13.123414189912623  2.874172185255532  1.4627585648313165e6  1.8
2.93993993993994  6.2652471981096394e7  0.1556385204682253  14221.5026489507  1.27858838067669e8  0.6  83.4645296104786  6.03127203110655e26  3.666595234383302e51  9.7  10.779888682171073  3.2543859510336794  3.005405929822379e51  11.7  13.123414189912623  2.874172185255532  1.4626145175177546e6  1.8
2.94144144144145  6.2844452218435206e7  0.1554932101294944  14172.628179627502  1.2751708577246998e8  0.6  83.4651639438509  6.03127203110655e26  3.664760560799173e51  9.7  10.779888682171073  3.2543859510336794  3.003902099015716e51  11.7  13.123414189912623  2.874172185255532  1.4624706163108596e6  1.8
2.94294294294295  6.3035919314189695e7  0.15534917107301402  14124.2978200549  1.27177304422394e8  0.6  83.4657938089867  6.03127203110655e26  3.6629268052403475e51  9.7  10.779888682171073  3.2543859510336794  3.0023990206888097e51  11.7  13.123414189912623  2.874172185255532  1.4623268609879685e6  1.8
2.94444444444445  6.3226876227736905e7  0.15520638601111658  14076.5025828085  1.2683947921482001e8  0.6  83.4664192625364  6.03127203110655e26  3.6610939672474567e51  9.7  10.779888682171073  3.2543859510336794  3.000896694465129e51  11.7  13.123414189912623  2.874172185255532  1.4621832513268695e6  1.8
2.94594594594595  6.3417325896227606e7  0.1550648379687118  14029.233673528399  1.2650359543743499e8  0.6  83.4670403601513  6.03127203110655e26  3.659262046361374e51  9.7  10.779888682171073  3.2543859510336794  2.9993951199683394e51  11.7  13.123414189912623  2.874172185255532  1.462039787105802e6  1.8
2.94744744744745  6.3607271234722205e7  0.15492451027610202  13982.482485795099  1.2616963846940501e8  0.6  83.4676571565077  6.03127203110655e26  3.6574310421232e51  9.7  10.779888682171073  3.2543859510336794  2.9978942968222956e51  11.7  13.123414189912623  2.874172185255532  1.4618964681034568e6  1.8
2.94894894894895  6.37967151363279e7  0.1547853865619651  13936.240596155601  1.2583759378247301e8  0.6  83.4682697053292  6.03127203110655e26  3.6556009540742686e51  9.7  10.779888682171073  3.2543859510336794  2.99639422465104e51  11.7  13.123414189912623  2.874172185255532  1.461753294098973e6  1.8
2.95045045045046  6.3985660472337596e7  0.15464745074648983  13890.4997592922  1.25507446941959e8  0.6  83.4688780594089  6.03127203110655e26  3.653771781756129e51  9.7  10.779888682171073  3.2543859510336794  2.9948949030787945e51  11.7  13.123414189912623  2.874172185255532  1.461610264871938e6  1.8
2.95195195195196  6.4174110092370704e7  0.1545106870346682  13845.251903330402  1.25179183607677e8  0.6  83.4694822706319  6.03127203110655e26  3.651943524710595e51  9.7  10.779888682171073  3.2543859510336794  2.993396331729996e51  11.7  13.123414189912623  2.874172185255532  1.461467380202388e6  1.8
2.95345345345346  6.43620668245143e7  0.15437507990972935  13800.4891252809  1.2485278953478199e8  0.6  83.4700823899962  6.03127203110655e26  3.6501161824796757e51  9.7  10.779888682171073  3.2543859510336794  2.9918985102292425e51  11.7  13.123414189912623  2.874172185255532  1.4613246398708029e6  1.8
2.9549549549549603  6.45495334754674e7  0.15424061412671392  13756.2036866076  1.24528250574535e8  0.6  83.4706784676338  6.03127203110655e26  3.648289754605621e51  9.7  10.779888682171073  3.2543859510336794  2.9904014382013288e51  11.7  13.123414189912623  2.874172185255532  1.461182043658108e6  1.8
2.9564564564564604  6.47365128306844e7  0.15410727470618335  13712.3880089212  1.24205552675005e8  0.6  83.4712705528317  6.03127203110655e26  3.646464240630909e51  9.7  10.779888682171073  3.2543859510336794  2.9889051152712368e51  11.7  13.123414189912623  2.874172185255532  1.4610395913456723e6  1.8
2.95795795795796  6.49230076545208e7  0.1539750469280543  13669.0346697894  1.2388468188169602e8  0.6  83.4718586940519  6.03127203110655e26  3.644639640098246e51  9.7  10.779888682171073  3.2543859510336794  2.9874095410641364e51  11.7  13.123414189912623  2.874172185255532  1.460897282715307e6  1.8
2.95945945945946  6.51090206903792e7  0.15384391632555708  13626.1363986624  1.2356562433811902e8  0.6  83.4724429389513  6.03127203110655e26  3.642815952550569e51  9.7  10.779888682171073  3.2543859510336794  2.9859147152053847e51  11.7  13.123414189912623  2.874172185255532  1.460755117549265e6  1.8
2.9609609609609704  6.5294554660856806e7  0.15371386867931225  13583.686072907602  1.23248366286299e8  0.6  83.4730233344016  6.03127203110655e26  3.640993177531031e51  9.7  10.779888682171073  3.2543859510336794  2.9844206373205177e51  11.7  13.123414189912623  2.874172185255532  1.4606130956302385e6  1.8
2.96246246246247  6.54796122678933e7  0.15358489001151443  13541.6767139495  1.22932894067229e8  0.6  83.4735999265083  6.03127203110655e26  3.6391713145830506e51  9.7  10.779888682171073  3.2543859510336794  2.9829273070352875e51  11.7  13.123414189912623  2.874172185255532  1.4604712167413617e6  1.8
2.96396396396397  6.5664196192919195e7  0.15345696658022848  13500.1014835112  1.2261919412126699e8  0.6  83.4741727606299  6.03127203110655e26  3.637350363250235e51  9.7  10.779888682171073  3.2543859510336794  2.981434723975603e51  11.7  13.123414189912623  2.874172185255532  1.4603294806662032e6  1.8
2.96546546546547  6.58483090970052e7  0.15333008487378302  13458.9536799542  1.2230725298848799e8  0.6  83.4747418813967  6.03127203110655e26  3.6355303230764375e51  9.7  10.779888682171073  3.2543859510336794  2.9799428877675716e51  11.7  13.123414189912623  2.874172185255532  1.4601878871887708e6  1.8
2.96696696696697  6.6031953621011905e7  0.1532042316052622  13418.2267347105  1.2199705730898201e8  0.6  83.4753073327291  6.03127203110655e26  3.6337111936057345e51  9.7  10.779888682171073  3.2543859510336794  2.9784517980374877e51  11.7  13.123414189912623  2.874172185255532  1.4600464360935069e6  1.8
2.96846846846847  6.62151323857401e7  0.15307939370709112  13377.9142088063  1.21688593823113e8  0.6  83.4758691578558  6.03127203110655e26  3.6318929743824334e51  9.7  10.779888682171073  3.2543859510336794  2.9769614544118307e51  11.7  13.123414189912623  2.874172185255532  1.4599051271652896e6  1.8
2.96996996996997  6.6397847992081106e7  0.15295555832570693  13338.0097894716  1.21381849371736e8  0.6  83.4764273993321  6.03127203110655e26  3.6300756649510684e51  9.7  10.779888682171073  3.2543859510336794  2.9754718565172695e51  11.7  13.123414189912623  2.874172185255532  1.4597639601894296e6  1.8
2.97147147147148  6.65801030211678e7  0.152832712816316  13298.507286833299  1.2107681089636399e8  0.6  83.4769820990576  6.03127203110655e26  3.6282592648563915e51  9.7  10.779888682171073  3.2543859510336794  2.973983003980649e51  11.7  13.123414189912623  2.874172185255532  1.45962293495167e6  1.8
2.97297297297298  6.67619000345257e7  0.15271084473772634  13259.400630689  1.20773465439318e8  0.6  83.4775332982937  6.03127203110655e26  3.6264437736434166e51  9.7  10.779888682171073  3.2543859510336794  2.9724948964290304e51  11.7  13.123414189912623  2.874172185255532  1.459482051238188e6  1.8
2.97447447447448  6.69432415742244e7  0.1525899418991349  13220.683880374501  1.20471794018961e8  0.6  83.4780810600349  6.03127203110655e26  3.624629190857348e51  9.7  10.779888682171073  3.2543859510336794  2.97100753348963e51  11.7  13.123414189912623  2.874172185255532  1.4593413088355882e6  1.8
2.97597597597598  6.712413015383251e7  0.15246999262001756  13182.3513204484  1.20171796056328e8  0.6  83.478625377223  6.03127203110655e26  3.622815516043634e51  9.7  10.779888682171073  3.2543859510336794  2.9695209147898642e51  11.7  13.123414189912623  2.874172185255532  1.4592007075309053e6  1.8
2.97747747747748  6.73045682860492e7  0.15235098513109788  13144.3972458211  1.19873452748026e8  0.6  83.4791663114596  6.03127203110655e26  3.621002748747946e51  9.7  10.779888682171073  3.2543859510336794  2.9680350399573326e51  11.7  13.123414189912623  2.874172185255532  1.4590602471116022e6  1.8
2.9789789789789802  6.748455845534049e7  0.15223290785582902  13106.8160651656  1.1957675152158e8  0.6  83.4797039011181  6.03127203110655e26  3.6191908885161846e51  9.7  10.779888682171073  3.2543859510336794  2.966549908619824e51  11.7  13.123414189912623  2.874172185255532  1.4589199273655692e6  1.8
2.98048048048049  6.766410312729481e7  0.15211574940783115  13069.602295150002  1.1928167990343401e8  0.6  83.4802381839621  6.03127203110655e26  3.617379934894466e51  9.7  10.779888682171073  3.2543859510336794  2.9650655204053003e51  11.7  13.123414189912623  2.874172185255532  1.4587797480811214e6  1.8
2.98198198198199  6.78432047487715e7  0.15199949858692058  13032.750557854  1.18988225518767e8  0.6  83.480769197158  6.03127203110655e26  3.6155698874291686e51  9.7  10.779888682171073  3.2543859510336794  2.963581874941942e51  11.7  13.123414189912623  2.874172185255532  1.4586397090470018e6  1.8
2.9834834834834902  6.80218657480489e7  0.1518841443752231  12996.2555782542  1.18696376091279e8  0.6  83.4812969772874  6.03127203110655e26  3.613760745666862e51  9.7  10.779888682171073  3.2543859510336794  2.962098971858084e51  11.7  13.123414189912623  2.874172185255532  1.4584998100523746e6  1.8
2.9849849849849903  6.82000885349727e7  0.15176967593337415  12960.1121817752  1.18406119442952e8  0.6  83.4818215603594  6.03127203110655e26  3.611952509154355e51  9.7  10.779888682171073  3.2543859510336794  2.9606168107822585e51  11.7  13.123414189912623  2.874172185255532  1.4583600508868278e6  1.8
2.9864864864864904  6.83778755011033e7  0.15165608259679209  12924.315291905  1.1811744349378699e8  0.6  83.4823429818225  6.03127203110655e26  3.610145177438684e51  9.7  10.779888682171073  3.2543859510336794  2.959135391343184e51  11.7  13.123414189912623  2.874172185255532  1.4582204313403706e6  1.8
2.98798798798799  6.855522901986271e7  0.15154335387203124  12888.8599278719  1.17830336261513e8  0.6  83.4828612765762  6.03127203110655e26  3.60833875006711e51  9.7  10.779888682171073  3.2543859510336794  2.9576547131697627e51  11.7  13.123414189912623  2.874172185255532  1.4580809512034338e6  1.8
2.98948948948949  6.87321514466818e7  0.15143147943320676  12853.741202381701  1.17544785861279e8  0.6  83.4833764789826  6.03127203110655e26  3.606533226587121e51  9.7  10.779888682171073  3.2543859510336794  2.9561747758910826e51  11.7  13.123414189912623  2.874172185255532  1.457941610266867e6  1.8
2.9909909909910004  6.89086451191462e7  0.15132044911849182  12818.954319411401  1.17260780505323e8  0.6  83.4838886228774  6.03127203110655e26  3.6047286065464196e51  9.7  10.779888682171073  3.2543859510336794  2.9546955791364097e51  11.7  13.123414189912623  2.874172185255532  1.4578024083219382e6  1.8
2.9924924924925  6.90847123571421e7  0.1512102529266812  12784.494572059899  1.16978308502625e8  0.6  83.4843977415815  6.03127203110655e26  3.6029248894929734e51  9.7  10.779888682171073  3.2543859510336794  2.9532171225352243e51  11.7  13.123414189912623  2.874172185255532  1.4576633451603355e6  1.8
2.993993993994  6.92603554630019e7  0.151100881013822  12750.3573404513  1.16697358258536e8  0.6  83.4849038679111  6.03127203110655e26  3.601122074974937e51  9.7  10.779888682171073  3.2543859510336794  2.9517394057171617e51  11.7  13.123414189912623  2.874172185255532  1.4575244205741608e6  1.8
2.9954954954955  6.94355767216484e7  0.1509923236899075  12716.5380896912  1.16417918274396e8  0.6  83.4854070341889  6.03127203110655e26  3.599320162540703e51  9.7  10.779888682171073  3.2543859510336794  2.950262428312052e51  11.7  13.123414189912623  2.874172185255532  1.4573856343559318e6  1.8
2.996996996997  6.96103784007391e7  0.1508845714156304  12683.0323678719  1.16139977147135e8  0.6  83.4859072722545  6.03127203110655e26  3.5975191517388915e51  9.7  10.779888682171073  3.2543859510336794  2.9487861899499114e51  11.7  13.123414189912623  2.874172185255532  1.4572469862985816e6  1.8
2.9984984984985  6.97847627508099e7  0.15077761479919588  12649.8358041271  1.15863523568863e8  0.6  83.4864046134744  6.03127203110655e26  3.595719042118348e51  9.7  10.779888682171073  3.2543859510336794  2.947310690260941e51  11.7  13.123414189912623  2.874172185255532  1.457108476195456e6  1.8
3.  6.99587320054178e7  0.15067144459319146  12616.944106732899  1.1558854632643999e8  0.6  83.4868990887526  6.03127203110655e26  3.593919833228144e51  9.7  10.779888682171073  3.2543859510336794  2.9458359288755282e51  11.7  13.123414189912623  2.874172185255532  1.4569701038403139e6  1.8
3.00150150150151  7.01322883812833e7  0.15056605169150997  12584.353061254  1.15315034301039e8  0.6  83.4873907285402  6.03127203110655e26  3.592121524617565e51  9.7  10.779888682171073  3.2543859510336794  2.9443619054242335e51  11.7  13.123414189912623  2.874172185255532  1.456831869027324e6  1.8
3.00300300300301  7.030543407843201e7  0.15046142712632418  12552.0585287336  1.15042976467698e8  0.6  83.4878795628454  6.03127203110655e26  3.590324115836155e51  9.7  10.779888682171073  3.2543859510336794  2.9428886195378322e51  11.7  13.123414189912623  2.874172185255532  1.456693771551068e6  1.8
3.00450450450451  7.04781712803354e7  0.15035756206511175  12520.0564439255  1.1477236189486301e8  0.6  83.488365621243  6.03127203110655e26  3.588527606433652e51  9.7  10.779888682171073  3.2543859510336794  2.9414160708472555e51  11.7  13.123414189912623  2.874172185255532  1.4565558112065345e6  1.8
3.00600600600601  7.06505021540515e7  0.15025444780773003  12488.3428135664  1.1450317974392001e8  0.6  83.4888489328845  6.03127203110655e26  3.586731995960027e51  9.7  10.779888682171073  3.2543859510336794  2.939944258983629e51  11.7  13.123414189912623  2.874172185255532  1.4564179877891212e6  1.8
3.00750750750751  7.08224288503636e7  0.15015207578353232  12456.9137146882  1.1423541926871501e8  0.6  83.4893295265065  6.03127203110655e26  3.5849372839654806e51  9.7  10.779888682171073  3.2543859510336794  2.9384731835782628e51  11.7  13.123414189912623  2.874172185255532  1.4562803010946335e6  1.8
3.0090090090090102  7.09939535039203e7  0.150050437548532  12425.765292967999  1.13969069815079e8  0.6  83.4898074304411  6.03127203110655e26  3.583143470000434e51  9.7  10.779888682171073  3.2543859510336794  2.937002844262651e51  11.7  13.123414189912623  2.874172185255532  1.4561427509192822e6  1.8
3.01051051051052  7.11650782333723e7  0.14994952478260837  12394.8937611144  1.13704120820335e8  0.6  83.4902826726243  6.03127203110655e26  3.5813505536155246e51  9.7  10.779888682171073  3.2543859510336794  2.935533240668463e51  11.7  13.123414189912623  2.874172185255532  1.456005337059683e6  1.8
3.01201201201202  7.1335805141511e7  0.14984932929039038  12364.2953960173  1.1344055909630701e8  0.6  83.4907552966785  6.03127203110655e26  3.579558534361649e51  9.7  10.779888682171073  3.2543859510336794  2.9340643724275817e51  11.7  13.123414189912623  2.874172185255532  1.4558680593128584e6  1.8
3.0135135135135203  7.15061363113253e7  0.1497498432167474  12333.9666131722  1.13178379647672e8  0.6  83.491225296682  6.03127203110655e26  3.577767411789894e51  9.7  10.779888682171073  3.2543859510336794  2.932596239172044e51  11.7  13.123414189912623  2.874172185255532  1.4557309174762312e6  1.8
3.0150150150150203  7.16760738183037e7  0.14965105867127354  12303.9038369428  1.1291756944358501e8  0.6  83.491692715224  6.03127203110655e26  3.5759771854515805e51  9.7  10.779888682171073  3.2543859510336794  2.9311288405340826e51  11.7  13.123414189912623  2.874172185255532  1.4555939113476279e6  1.8
3.0165165165165204  7.18456197183692e7  0.14955296785810934  12274.103549230102  1.1265811826955101e8  0.6  83.4921575785194  6.03127203110655e26  3.5741878548982566e51  9.7  10.779888682171073  3.2543859510336794  2.9296621761461123e51  11.7  13.123414189912623  2.874172185255532  1.4554570407252756e6  1.8
3.01801801801802  7.20147760521072e7  0.14945556309768843  12244.5622930642  1.12400015998737e8  0.6  83.4926199124077  6.03127203110655e26  3.572399419681694e51  9.7  10.779888682171073  3.2543859510336794  2.928196245640733e51  11.7  13.123414189912623  2.874172185255532  1.455320305407802e6  1.8
3.01951951951952  7.21835448448982e7  0.14935883682453677  12215.276671287402  1.12143252591371e8  0.6  83.4930797423602  6.03127203110655e26  3.570611879353886e51  9.7  10.779888682171073  3.2543859510336794  2.9267310486507267e51  11.7  13.123414189912623  2.874172185255532  1.4551837051942344e6  1.8
3.0210210210210304  7.23519281070474e7  0.14926278158511483  12186.2433452679  1.1188781809414399e8  0.6  83.493537093487  6.03127203110655e26  3.5688252334670426e51  9.7  10.779888682171073  3.2543859510336794  2.9252665848090515e51  11.7  13.123414189912623  2.874172185255532  1.4550472398839965e6  1.8
3.02252252252253  7.25199278339154e7  0.14916739003570129  12157.4590336449  1.1163370263960999e8  0.6  83.4939919905435  6.03127203110655e26  3.5670394815736314e51  9.7  10.779888682171073  3.2543859510336794  2.9238028537488787e51  11.7  13.123414189912623  2.874172185255532  1.4549109092769125e6  1.8
3.02402402402403  7.268754600604701e7  0.14907265494032138  12128.920511104201  1.11380896445573e8  0.6  83.4944444579372  6.03127203110655e26  3.565254623226308e51  9.7  10.779888682171073  3.2543859510336794  2.922339855103531e51  11.7  13.123414189912623  2.874172185255532  1.4547747131732001e6  1.8
3.02552552552553  7.28547845892986e7  0.14897856916871213  12100.6246071815  1.11129389814484e8  0.6  83.4948945197344  6.03127203110655e26  3.5634706579779634e51  9.7  10.779888682171073  3.2543859510336794  2.920877588506528e51  11.7  13.123414189912623  2.874172185255532  1.454638651373474e6  1.8
3.02702702702703  7.3021645534966e7  0.14888512569432766  12072.5682050951  1.10879173132828e8  0.6  83.4953421996664  6.03127203110655e26  3.561687585381714e51  9.7  10.779888682171073  3.2543859510336794  2.9194160535915693e51  11.7  13.123414189912623  2.874172185255532  1.4545027236787416e6  1.8
3.02852852852853  7.31881307799102e7  0.14879231759238173  12044.7482406055  1.10630236870506e8  0.6  83.495787521136  6.03127203110655e26  3.559905404990897e51  9.7  10.779888682171073  3.2543859510336794  2.917955249992539e51  11.7  13.123414189912623  2.874172185255532  1.4543669298904047e6  1.8
3.03003003003003  7.33542422466827e7  0.1487001380379299  12017.161700901  1.10382571580228e8  0.6  83.4962305072233  6.03127203110655e26  3.5581241163590774e51  9.7  10.779888682171073  3.2543859510336794  2.9164951773435065e51  11.7  13.123414189912623  2.874172185255532  1.4542312698102577e6  1.8
3.03153153153154  7.351998184365e7  0.14860858030397994  11989.8056235097  1.1013616789689098e8  0.6  83.4966711806923  6.03127203110655e26  3.556343719040027e51  9.7  10.779888682171073  3.2543859510336794  2.915035835278711e51  11.7  13.123414189912623  2.874172185255532  1.4540957432404847e6  1.8
3.03303303303304  7.36853514651168e7  0.14851763775964597  11962.6770952355  1.0989101653696899e8  0.6  83.4971095639967  6.03127203110655e26  3.55456421258778e51  9.7  10.779888682171073  3.2543859510336794  2.9135772234326066e51  11.7  13.123414189912623  2.874172185255532  1.4539603499836638e6  1.8
3.03453453453454  7.38503529914486e7  0.1484273038683243  11935.7732511192  1.0964710829789402e8  0.6  83.4975456792855  6.03127203110655e26  3.552785596556556e51  9.7  10.779888682171073  3.2543859510336794  2.9121193414398e51  11.7  13.123414189912623  2.874172185255532  1.4538250898427588e6  1.8
3.03603603603604  7.40149882891932e7  0.14833757218591315  11909.0912734219  1.0940443405744101e8  0.6  83.4979795484094  6.03127203110655e26  3.551007870500811e51  9.7  10.779888682171073  3.2543859510336794  2.910662188935091e51  11.7  13.123414189912623  2.874172185255532  1.453689962621124e6  1.8
3.03753753753754  7.41792592112013e7  0.14824843635905574  11882.628390631899  1.09162984773114e8  0.6  83.4984111929258  6.03127203110655e26  3.549231033975222e51  9.7  10.779888682171073  3.2543859510336794  2.909205765553461e51  11.7  13.123414189912623  2.874172185255532  1.453554968122501e6  1.8
3.0390390390390403  7.43431675967466e7  0.14815989012341263  11856.3818764931  1.08922751481534e8  0.6  83.4988406341051  6.03127203110655e26  3.547455086534692e51  9.7  10.779888682171073  3.2543859510336794  2.9077500709300757e51  11.7  13.123414189912623  2.874172185255532  1.4534201061510171e6  1.8
3.04054054054055  7.45067152716437e7  0.14807192730197039  11830.349049054701  1.0868372529782298e8  0.6  83.4992678929356  6.03127203110655e26  3.545680027734332e51  9.7  10.779888682171073  3.2543859510336794  2.9062951047002723e51  11.7  13.123414189912623  2.874172185255532  1.453285376511186e6  1.8
3.04204204204205  7.46699040483672e7  0.14798454180336915  11804.5272697418  1.08445897414998e8  0.6  83.4996929901294  6.03127203110655e26  3.543905857129512e51  9.7  10.779888682171073  3.2543859510336794  2.9048408664996e51  11.7  13.123414189912623  2.874172185255532  1.453150779007907e6  1.8
3.0435435435435503  7.48327357261675e7  0.14789772762026604  11778.9139424459  1.0820925910336e8  0.6  83.5001159461278  6.03127203110655e26  3.5421325742757885e51  9.7  10.779888682171073  3.2543859510336794  2.9033873559637613e51  11.7  13.123414189912623  2.874172185255532  1.4530163134464617e6  1.8
3.0450450450450504  7.49952120911876e7  0.14781147882771734  11753.506512634502  1.0797380170989e8  0.6  83.5005367811061  6.03127203110655e26  3.540360178728954e51  9.7  10.779888682171073  3.2543859510336794  2.901934572728651e51  11.7  13.123414189912623  2.874172185255532  1.4528819796325152e6  1.8
3.04654654654655  7.51573349165778e7  0.14772578958158875  11728.3024664799  1.07739516657645e8  0.6  83.5009555149795  6.03127203110655e26  3.538588670045022e51  9.7  10.779888682171073  3.2543859510336794  2.9004825164303463e51  11.7  13.123414189912623  2.874172185255532  1.452747777372114e6  1.8
3.04804804804805  7.53191059626103e7  0.14764065411699254  11703.2993300061  1.07506395445154e8  0.6  83.5013721674076  6.03127203110655e26  3.5368180477802275e51  9.7  10.779888682171073  3.2543859510336794  2.899031186705105e51  11.7  13.123414189912623  2.874172185255532  1.4526137064716858e6  1.8
3.04954954954955  7.54805269767922e7  0.147556066746746  11678.494668253601  1.0727442964582899e8  0.6  83.5017867578001  6.03127203110655e26  3.535048311491028e51  9.7  10.779888682171073  3.2543859510336794  2.8975805831893675e51  11.7  13.123414189912623  2.874172185255532  1.4524797667380385e6  1.8
3.05105105105106  7.56415996939782e7  0.1474720218598508  11653.8860844605  1.07043610907361e8  0.6  83.5021993053214  6.03127203110655e26  3.5332794607340935e51  9.7  10.779888682171073  3.2543859510336794  2.896130705519749e51  11.7  13.123414189912623  2.874172185255532  1.452345957978358e6  1.8
3.05255255255256  7.58023258364817e7  0.14738851393596913  11629.4712224949  1.06813930121035e8  0.6  83.5026098391052  6.03127203110655e26  3.531511495066347e51  9.7  10.779888682171073  3.2543859510336794  2.8946815533330716e51  11.7  13.123414189912623  2.874172185255532  1.4522122800002112e6  1.8
3.05405405405406  7.59627071129397e7  0.14730553764157525  11605.24780024  1.06585380696085e8  0.6  83.5030183566824  6.03127203110655e26  3.5297444140449e51  9.7  10.779888682171073  3.2543859510336794  2.893233126266312e51  11.7  13.123414189912623  2.874172185255532  1.4520787326115388e6  1.8
3.05555555555556  7.6122745222093e7  0.14722308761178554  11581.213536863801  1.06357953664479e8  0.6  83.5034248866732  6.03127203110655e26  3.527978217227099e51  9.7  10.779888682171073  3.2543859510336794  2.8917854239566387e51  11.7  13.123414189912623  2.874172185255532  1.4519453156206599e6  1.8
3.05705705705706  7.628244184921679e7  0.14714115855478682  11557.3661888121  1.06131640956726e8  0.6  83.5038294471769  6.03127203110655e26  3.526212904170509e51  9.7  10.779888682171073  3.2543859510336794  2.890338446041401e51  11.7  13.123414189912623  2.874172185255532  1.4518120288362678e6  1.8
3.05855855855856  7.64417986674702e7  0.1470597452504798  11533.7035476458  1.05906434573897e8  0.6  83.5042320560592  6.03127203110655e26  3.524448474432918e51  9.7  10.779888682171073  3.2543859510336794  2.8888921921581297e51  11.7  13.123414189912623  2.874172185255532  1.4516788720674308e6  1.8
3.06006006006006  7.660081733800149e7  0.14697884254925048  11510.2234393585  1.05682326587017e8  0.6  83.5046327309557  6.03127203110655e26  3.5226849275723353e51  9.7  10.779888682171073  3.2543859510336794  2.8874466619445377e51  11.7  13.123414189912623  2.874172185255532  1.451545845123591e6  1.8
3.06156156156157  7.675949951005411e7  0.1468984453707575  11486.9237237088  1.05459309136442e8  0.6  83.5050314892763  6.03127203110655e26  3.520922263146979e51  9.7  10.779888682171073  3.2543859510336794  2.8860018550385078e51  11.7  13.123414189912623  2.874172185255532  1.451412947814561e6  1.8
3.06306306306307  7.691784682106979e7  0.14681854870275182  11463.8022935679  1.05237374431256e8  0.6  83.5054283482089  6.03127203110655e26  3.5191604807153236e51  9.7  10.779888682171073  3.2543859510336794  2.8845577710781347e51  11.7  13.123414189912623  2.874172185255532  1.4512801799505297e6  1.8
3.06456456456457  7.70758608967924e7  0.14673914759990792  11440.8570742808  1.05016514748662e8  0.6  83.5058233247225  6.03127203110655e26  3.517399579836031e51  9.7  10.779888682171073  3.2543859510336794  2.8831144097016654e51  11.7  13.123414189912623  2.874172185255532  1.4511475413420526e6  1.8
3.06606606606607  7.723354335137e7  0.14666023718268248  11418.0860230415  1.04796722433378e8  0.6  83.506216435572  6.03127203110655e26  3.5156395600679925e51  9.7  10.779888682171073  3.2543859510336794  2.881671770547535e51  11.7  13.123414189912623  2.874172185255532  1.4510150318000566e6  1.8
3.06756756756757  7.73908957874561e7  0.14658181263619371  11395.4871282821  1.0457798989704e8  0.6  83.5066076973006  6.03127203110655e26  3.5138804209703224e51  9.7  10.779888682171073  3.2543859510336794  2.8802298532543626e51  11.7  13.123414189912623  2.874172185255532  1.4508826511358372e6  1.8
3.0690690690690703  7.75479197963105e7  0.14650386920911837  11373.058409074602  1.04360309617605e8  0.6  83.5069971262442  6.03127203110655e26  3.512122162102355e51  9.7  10.779888682171073  3.2543859510336794  2.878788657460947e51  11.7  13.123414189912623  2.874172185255532  1.4507503991610585e6  1.8
3.07057057057058  7.77046169578985e7  0.1464264022126075  11350.797914545501  1.04143674138757e8  0.6  83.5073847385345  6.03127203110655e26  3.510364783023633e51  9.7  10.779888682171073  3.2543859510336794  2.877348182806257e51  11.7  13.123414189912623  2.874172185255532  1.45061827568775e6  1.8
3.07207207207208  7.78609888409898e7  0.14634940701922688  11328.7037233031  1.03928076069327e8  0.6  83.5077705501026  6.03127203110655e26  3.508608283293956e51  9.7  10.779888682171073  3.2543859510336794  2.8759084289294727e51  11.7  13.123414189912623  2.874172185255532  1.4504862805283119e6  1.8
3.0735735735735803  7.8017037003256e7  0.1462728790619088  11306.7739428765  1.03713508082703e8  0.6  83.508154576682  6.03127203110655e26  3.5068526624733075e51  9.7  10.779888682171073  3.2543859510336794  2.8744693954699247e51  11.7  13.123414189912623  2.874172185255532  1.450354413495505e6  1.8
3.0750750750750804  7.81727629913682e7  0.14619681383292554  11285.0067091667  1.03499962916255e8  0.6  83.5085368338125  6.03127203110655e26  3.5050979201219026e51  9.7  10.779888682171073  3.2543859510336794  2.8730310820671335e51  11.7  13.123414189912623  2.874172185255532  1.4502226744024567e6  1.8
3.07657657657658  7.83281683410923e7  0.14612120688288252  11263.4001859085  1.03287433370757e8  0.6  83.5089173368428  6.03127203110655e26  3.5033440558001786e51  9.7  10.779888682171073  3.2543859510336794  2.871593488360802e51  11.7  13.123414189912623  2.874172185255532  1.4500910630626585e6  1.8
3.07807807807808  7.848325457738471e7  0.14604605381972216  11241.9525641448  1.03075912309824e8  0.6  83.5092961009342  6.03127203110655e26  3.5015910690687884e51  9.7  10.779888682171073  3.2543859510336794  2.8701566139908102e51  11.7  13.123414189912623  2.874172185255532  1.4499595792899632e6  1.8
3.07957957957958  7.86380232144866e7  0.14597135030775138  11220.6620617097  1.02865392659338e8  0.6  83.5096731410635  6.03127203110655e26  3.499838959488609e51  9.7  10.779888682171073  3.2543859510336794  2.868720458597221e51  11.7  13.123414189912623  2.874172185255532  1.4498282228985867e6  1.8
3.08108108108109  7.879247575601709e7  0.1458970920666794  11199.526922724299  1.02655867406894e8  0.6  83.5100484720262  6.03127203110655e26  3.498087726620725e51  9.7  10.779888682171073  3.2543859510336794  2.8672850218202663e51  11.7  13.123414189912623  2.874172185255532  1.4496969937031043e6  1.8
3.08258258258259  7.89466136950665e7  0.14582327487067495  11178.5454171012  1.0244732960124e8  0.6  83.5104221084396  6.03127203110655e26  3.496337370026473e51  9.7  10.779888682171073  3.2543859510336794  2.8658503033003876e51  11.7  13.123414189912623  2.874172185255532  1.4495658915184543e6  1.8
3.08408408408409  7.910043851428759e7  0.14574989454743653  11157.7158400594  1.02239772351727e8  0.6  83.5107940647455  6.03127203110655e26  3.494587889267376e51  9.7  10.779888682171073  3.2543859510336794  2.864416302678177e51  11.7  13.123414189912623  2.874172185255532  1.4494349161599316e6  1.8
3.08558558558559  7.92539516859869e7  0.14567694697727923  11137.036511649  1.02033188827765e8  0.6  83.5111643552137  6.03127203110655e26  3.4928392839051886e51  9.7  10.779888682171073  3.2543859510336794  2.862983019594417e51  11.7  13.123414189912623  2.874172185255532  1.4493040674431904e6  1.8
3.08708708708709  7.940715467221479e7  0.14560442809223334  11116.5057762855  1.01827572258276e8  0.6  83.5115329939445  6.03127203110655e26  3.4910915535018824e51  9.7  10.779888682171073  3.2543859510336794  2.8615504536900678e51  11.7  13.123414189912623  2.874172185255532  1.4491733451842421e6  1.8
3.08858858858859  7.95600489248548e7  0.14553233387515943  11096.122002292599  1.01622915931162e8  0.6  83.5118999948715  6.03127203110655e26  3.4893446976196506e51  9.7  10.779888682171073  3.2543859510336794  2.8601186046062713e51  11.7  13.123414189912623  2.874172185255532  1.449042749199455e6  1.8
3.09009009009009  7.97126358857124e7  0.1454606603588763  11075.8835814545  1.01419213192773e8  0.6  83.5122653717649  6.03127203110655e26  3.487598715820904e51  9.7  10.779888682171073  3.2543859510336794  2.8586874719843483e51  11.7  13.123414189912623  2.874172185255532  1.4489122793055528e6  1.8
3.0915915915916  7.986491698660241e7  0.1453894036253011  11055.7889285768  1.01216457447376e8  0.6  83.512629138234  6.03127203110655e26  3.485853607668262e51  9.7  10.779888682171073  3.2543859510336794  2.8572570554657892e51  11.7  13.123414189912623  2.874172185255532  1.448781935319614e6  1.8
3.0930930930931  8.00168936494363e7  0.14531855980460143  11035.836481055601  1.01014642156639e8  0.6  83.51299130773  6.03127203110655e26  3.484109372724597e51  9.7  10.779888682171073  3.2543859510336794  2.8558273546922927e51  11.7  13.123414189912623  2.874172185255532  1.4486517170590726e6  1.8
3.0945945945946  8.01685672863082e7  0.14524812507017182  11016.024696475699  1.0081376083268e8  0.6  83.5133518996396  6.03127203110655e26  3.4823660105529645e51  9.7  10.779888682171073  3.2543859510336794  2.8543983693057087e51  11.7  13.123414189912623  2.874172185255532  1.4485216243417142e6  1.8
3.0960960960961  8.03199392995705e7  0.1451780957029043  10996.3520736758  1.00613807045862e8  0.6  83.5137109147262  6.03127203110655e26  3.48062352071665e51  9.7  10.779888682171073  3.2543859510336794  2.852970098948074e51  11.7  13.123414189912623  2.874172185255532  1.448391656985677e6  1.8
3.0975975975976002  8.04710110819216e7  0.1451084680000624  10976.8171221113  1.00414774409201e8  0.6  83.514068371945  6.03127203110655e26  3.4788819027791606e51  9.7  10.779888682171073  3.2543859510336794  2.851542543261607e51  11.7  13.123414189912623  2.874172185255532  1.448261814809451e6  1.8
3.0990990990991003  8.06217840164699e7  0.14503923828974397  10957.4183689879  1.00216656604167e8  0.6  83.5144242840879  6.03127203110655e26  3.477141156304218e51  9.7  10.779888682171073  3.2543859510336794  2.850115701888704e51  11.7  13.123414189912623  2.874172185255532  1.4481320976318766e6  1.8
3.10060060060061  8.07722594768365e7  0.14497040294545063  10938.154362387  1.00019447366672e8  0.6  83.514778663797  6.03127203110655e26  3.4754012808557535e51  9.7  10.779888682171073  3.2543859510336794  2.8486895744719295e51  11.7  13.123414189912623  2.874172185255532  1.4480025052721433e6  1.8
3.1021021021021102  8.0922438827237e7  0.14490195838537895  10919.0236708975  9.982314048655531e7  0.6  83.5151315235669  6.03127203110655e26  3.47366227599795e51  9.7  10.779888682171073  3.2543859510336794  2.8472641606540575e51  11.7  13.123414189912623  2.874172185255532  1.4478730375497916e6  1.8
3.1036036036036103  8.107232342256209e7  0.1448339010717243  10900.0248832563  9.9627729807075e7  0.6  83.515482875747  6.03127203110655e26  3.4719241412951726e51  9.7  10.779888682171073  3.2543859510336794  2.8458394600780104e51  11.7  13.123414189912623  2.874172185255532  1.4477436942847082e6  1.8
3.1051051051051104  8.122191460845861e7  0.1447662275099945  10881.156607995401  9.94332092244021e7  0.6  83.5158327325436  6.03127203110655e26  3.4701868763120186e51  9.7  10.779888682171073  3.2543859510336794  2.8444154723869008e51  11.7  13.123414189912623  2.874172185255532  1.4476144752971276e6  1.8
3.10660660660661  8.137121372140819e7  0.14469893424834046  10862.417473096  9.923957268711981e7  0.6  83.5161811060222  6.03127203110655e26  3.468450480613302e51  9.7  10.779888682171073  3.2543859510336794  2.8429921972240183e51  11.7  13.123414189912623  2.874172185255532  1.4474853804076307e6  1.8
3.10810810810811  8.15202220888062e7  0.14463201787689112  10843.8061256501  9.90468141957278e7  0.6  83.5165280081095  6.03127203110655e26  3.466714953764053e51  9.7  10.779888682171073  3.2543859510336794  2.8415696342328305e51  11.7  13.123414189912623  2.874172185255532  1.447356409437144e6  1.8
3.10960960960961  8.16689410290401e7  0.14456547502710665  10825.321231528002  9.88549278021503e7  0.6  83.5168734505957  6.03127203110655e26  3.4649802953295214e51  9.7  10.779888682171073  3.2543859510336794  2.840147783056985e51  11.7  13.123414189912623  2.874172185255532  1.4472275622069386e6  1.8
3.11111111111112  8.18173718515659e7  0.14449930237113812  10806.9614750536  9.86639076092498e7  0.6  83.5172174451361  6.03127203110655e26  3.463246504875163e51  9.7  10.779888682171073  3.2543859510336794  2.838726643340298e51  11.7  13.123414189912623  2.874172185255532  1.4470988385386292e6  1.8
3.11261261261262  8.196551585698509e7  0.14443349662119898  10788.7255586846  9.84737477703439e7  0.6  83.5175600032536  6.03127203110655e26  3.461513581966684e51  9.7  10.779888682171073  3.2543859510336794  2.8373062147267906e51  11.7  13.123414189912623  2.874172185255532  1.4469702382541753e6  1.8
3.11411411411412  8.21133743371208e7  0.14436805452895152  10770.6122027002  9.82844424887284e7  0.6  83.5179011363406  6.03127203110655e26  3.459781526169976e51  9.7  10.779888682171073  3.2543859510336794  2.8358864968606363e51  11.7  13.123414189912623  2.874172185255532  1.446841761175877e6  1.8
3.11561561561562  8.226094857509181e7  0.14430297288489397  10752.620144894301  9.80959860172037e7  0.6  83.5182408556608  6.03127203110655e26  3.458050337051156e51  9.7  10.779888682171073  3.2543859510336794  2.834467489386194e51  11.7  13.123414189912623  2.874172185255532  1.4467134071263757e6  1.8
3.11711711711712  8.2408239845388e7  0.14423824851776754  10734.748140275202  9.7908372657606e7  0.6  83.5185791723512  6.03127203110655e26  3.456320014176561e51  9.7  10.779888682171073  3.2543859510336794  2.8330491919480012e51  11.7  13.123414189912623  2.874172185255532  1.4465851759286546e6  1.8
3.11861861861862  8.255524941394289e7  0.14417387829396905  10716.9949607698  9.77215967603443e7  0.6  83.518916097424  6.03127203110655e26  3.454590557112743e51  9.7  10.779888682171073  3.2543859510336794  2.831631604190773e51  11.7  13.123414189912623  2.874172185255532  1.4464570674060357e6  1.8
3.12012012012012  8.27019785382077e7  0.14410985911697058  10699.3593949357  9.75356527239396e7  0.6  83.5192516417685  6.03127203110655e26  3.452861965426472e51  9.7  10.779888682171073  3.2543859510336794  2.8302147257594035e51  11.7  13.123414189912623  2.874172185255532  1.4463290813821803e6  1.8
3.12162162162163  8.28484284672226e7  0.14404618792675508  10681.8402476762  9.73505349945713e7  0.6  83.5195858161529  6.03127203110655e26  3.451134238684723e51  9.7  10.779888682171073  3.2543859510336794  2.8287985562989535e51  11.7  13.123414189912623  2.874172185255532  1.4462012176810873e6  1.8
3.12312312312313  8.299460044168891e7  0.143982861699253  10664.436339963  9.71662380656262e7  0.6  83.5199186312262  6.03127203110655e26  3.4494073764547225e51  9.7  10.779888682171073  3.2543859510336794  2.8273830954546904e51  11.7  13.123414189912623  2.874172185255532  1.4460734761270955e6  1.8
3.12462462462463  8.314049569403979e7  0.1439198774457952  10647.1465085629  9.698275647725269e7  0.6  83.5202500975198  6.03127203110655e26  3.447681378303878e51  9.7  10.779888682171073  3.2543859510336794  2.825968342872031e51  11.7  13.123414189912623  2.874172185255532  1.445945856544877e6  1.8
3.12612612612613  8.32861154485101e7  0.14385723221257027  10629.9696057696  9.68000848159205e7  0.6  83.5205802254495  6.03127203110655e26  3.4459562437998257e51  9.7  10.779888682171073  3.2543859510336794  2.8245542981965786e51  11.7  13.123414189912623  2.874172185255532  1.4458183587594414e6  1.8
3.1276276276276302  8.34314609212067e7  0.1437949230800901  10612.904499141301  9.661821771398291e7  0.6  83.5209090253171  6.03127203110655e26  3.444231972510419e51  9.7  10.779888682171073  3.2543859510336794  2.8231409610741138e51  11.7  13.123414189912623  2.874172185255532  1.4456909825961327e6  1.8
3.1291291291291303  8.35765333201766e7  0.1437329471626686  10595.950071242602  9.64371498492451e7  0.6  83.5212365073119  6.03127203110655e26  3.442508564003725e51  9.7  10.779888682171073  3.2543859510336794  2.8217283311505947e51  11.7  13.123414189912623  2.874172185255532  1.445563727880629e6  1.8
3.13063063063064  8.37213338454757e7  0.14367130160790018  10579.1052193911  9.62568759445367e7  0.6  83.5215626815129  6.03127203110655e26  3.44078601784802e51  9.7  10.779888682171073  3.2543859510336794  2.8203164080721473e51  11.7  13.123414189912623  2.874172185255532  1.4454365944389417e6  1.8
3.1321321321321403  8.38658636892363e7  0.14360998359615457  10562.3688554092  9.60773907672885e7  0.6  83.5218875578898  6.03127203110655e26  3.439064333611824e51  9.7  10.779888682171073  3.2543859510336794  2.8189051914851022e51  11.7  13.123414189912623  2.874172185255532  1.4453095820974163e6  1.8
3.1336336336336403  8.40101240357338e7  0.14354899034007457  10545.7399053798  9.589868912911381e7  0.6  83.5222111463054  6.03127203110655e26  3.437343510863845e51  9.7  10.779888682171073  3.2543859510336794  2.8174946810359386e51  11.7  13.123414189912623  2.874172185255532  1.4451826906827276e6  1.8
3.1351351351351404  8.41541160614531e7  0.14348831908408152  10529.217309407  9.57207658853943e7  0.6  83.5225334565165  6.03127203110655e26  3.435623549173015e51  9.7  10.779888682171073  3.2543859510336794  2.8160848763713242e51  11.7  13.123414189912623  2.874172185255532  1.445055920021883e6  1.8
3.13663663663664  8.42978409351549e7  0.1434279671038887  10512.8000213808  9.55436159348701e7  0.6  83.5228544981758  6.03127203110655e26  3.4339044481084825e51  9.7  10.779888682171073  3.2543859510336794  2.814675777138101e51  11.7  13.123414189912623  2.874172185255532  1.4449292699422194e6  1.8
3.13813813813814  8.444129981794e7  0.14336793170602483  10496.487008746  9.5367234219235e7  0.6  83.5231742808335  6.03127203110655e26  3.432186207239611e51  9.7  10.779888682171073  3.2543859510336794  2.813267382983288e51  11.7  13.123414189912623  2.874172185255532  1.444802740271403e6  1.8
3.1396396396396398  8.45844938633143e7  0.14330821022455936  10480.2772510983  9.51916159360977e7  0.6  83.5234928172842  6.03127203110655e26  3.430468826135981e51  9.7  10.779888682171073  3.2543859510336794  2.8118596935540825e51  11.7  13.123414189912623  2.874172185255532  1.4446763308374295e6  1.8
3.14114114114115  8.47274242175727e7  0.143248800049814  10464.1697495406  9.50167556764521e7  0.6  83.5238101101135  6.03127203110655e26  3.4287523043673725e51  9.7  10.779888682171073  3.2543859510336794  2.8104527084978464e51  11.7  13.123414189912623  2.874172185255532  1.44455004146862e6  1.8
3.14264264264265  8.487009201888871e7  0.1431896985932467  10448.1635145381  9.48426487140159e7  0.6  83.5241261718443  6.03127203110655e26  3.427036641503822e51  9.7  10.779888682171073  3.2543859510336794  2.809046427462149e51  11.7  13.123414189912623  2.874172185255532  1.444423871993627e6  1.8
3.1441441441441498  8.50124983983391e7  0.14313090328565653  10432.2575670271  9.46692901557694e7  0.6  83.5244410116085  6.03127203110655e26  3.425321837115541e51  9.7  10.779888682171073  3.2543859510336794  2.8076408500947062e51  11.7  13.123414189912623  2.874172185255532  1.4442978222414253e6  1.8
3.14564564564565  8.51546444796541e7  0.14307241158685385  10416.4509405312  9.44966751494637e7  0.6  83.5247546384413  6.03127203110655e26  3.4236078907729715e51  9.7  10.779888682171073  3.2543859510336794  2.8062359760434192e51  11.7  13.123414189912623  2.874172185255532  1.4441718920413165e6  1.8
3.14714714714715  8.52965313792779e7  0.14301422098525  10400.7426809603  9.432479888323021e7  0.6  83.5250670612817  6.03127203110655e26  3.421894802046767e51  9.7  10.779888682171073  3.2543859510336794  2.8048318049563666e51  11.7  13.123414189912623  2.874172185255532  1.4440460812229272e6  1.8
3.14864864864865  8.54381602064299e7  0.1429563289974499  10385.1318464127  9.41536565851934e7  0.6  83.5253782889747  6.03127203110655e26  3.420182570507798e51  9.7  10.779888682171073  3.2543859510336794  2.8034283364818017e51  11.7  13.123414189912623  2.874172185255532  1.4439203896162075e6  1.8
3.15015015015015  8.55795320631644e7  0.14289873316785184  10369.6175069821  9.398324352308829e7  0.6  83.525688330272  6.03127203110655e26  3.418471195727149e51  9.7  10.779888682171073  3.2543859510336794  2.8020255702681557e51  11.7  13.123414189912623  2.874172185255532  1.4437948170514307e6  1.8
3.15165165165166  8.57206480444303e7  0.14284143106825514  10354.1987445668  9.38135550038808e7  0.6  83.5259971938335  6.03127203110655e26  3.41676067727611e51  9.7  10.779888682171073  3.2543859510336794  2.8006235059640246e51  11.7  13.123414189912623  2.874172185255532  1.4436693633591922e6  1.8
3.15315315315316  8.58615092381299e7  0.14278442029747157  10338.8746526834  9.36445863733925e7  0.6  83.5263048882285  6.03127203110655e26  3.415051014726215e51  9.7  10.779888682171073  3.2543859510336794  2.7992221432182087e51  11.7  13.123414189912623  2.874172185255532  1.4435440283704104e6  1.8
3.15465465465466  8.6002116725177e7  0.14272769848094607  10323.6443362837  9.347633301593e7  0.6  83.5266114219371  6.03127203110655e26  3.4133422076491815e51  9.7  10.779888682171073  3.2543859510336794  2.797821481679657e51  11.7  13.123414189912623  2.874172185255532  1.4434188119163236e6  1.8
3.15615615615616  8.61424715795553e7  0.1426712632703805  10308.506911574601  9.33087903539164e7  0.6  83.526916803351  6.03127203110655e26  3.4116342556169516e51  9.7  10.779888682171073  3.2543859510336794  2.7964215209975016e51  11.7  13.123414189912623  2.874172185255532  1.4432937138284897e6  1.8
3.1576576576576603  8.6282574868375e7  0.14261511234336635  10293.4615058416  9.31419538475284e7  0.6  83.5272210407753  6.03127203110655e26  3.4099271582016836e51  9.7  10.779888682171073  3.2543859510336794  2.7950222608210522e51  11.7  13.123414189912623  2.874172185255532  1.4431687339387867e6  1.8
3.1591591591591603  8.64224276519298e7  0.1425592434030217  10278.507257275402  9.297581899433559e7  0.6  83.527524142429  6.03127203110655e26  3.408220914975748e51  9.7  10.779888682171073  3.2543859510336794  2.7936237007997933e51  11.7  13.123414189912623  2.874172185255532  1.4430438720794106e6  1.8
3.16066066066067  8.65620309837531e7  0.14250365417763355  10263.6433148016  9.28103813289447e7  0.6  83.5278261164469  6.03127203110655e26  3.406515525511716e51  9.7  10.779888682171073  3.2543859510336794  2.7922258405833742e51  11.7  13.123414189912623  2.874172185255532  1.442919128082875e6  1.8
3.1621621621621703  8.67013859106735e7  0.1424483424203051  10248.8688379136  9.2645636422647e7  0.6  83.5281269708801  6.03127203110655e26  3.404810989382412e51  9.7  10.779888682171073  3.2543859510336794  2.7908286798216494e51  11.7  13.123414189912623  2.874172185255532  1.4427945017820129e6  1.8
3.1636636636636704  8.68404934728697e7  0.1423933059086131  10234.1829965083  9.24815798830695e7  0.6  83.5284267136973  6.03127203110655e26  3.4031073061608354e51  9.7  10.779888682171073  3.2543859510336794  2.7894322181646193e51  11.7  13.123414189912623  2.874172185255532  1.4426699930099708e6  1.8
3.16516516516517  8.697935470392531e7  0.14233854244426347  10219.5849707249  9.23182073538297e7  0.6  83.5287253527862  6.03127203110655e26  3.401404475420212e51  9.7  10.779888682171073  3.2543859510336794  2.788036455262469e51  11.7  13.123414189912623  2.874172185255532  1.4425456016002118e6  1.8
3.16666666666667  8.7117970630883e7  0.14228404985275903  10205.0739507865  9.2155514514194e7  0.6  83.5290228959544  6.03127203110655e26  3.3997024967339824e51  9.7  10.779888682171073  3.2543859510336794  2.7866413907655598e51  11.7  13.123414189912623  2.874172185255532  1.442421327386514e6  1.8
3.16816816816817  8.72563422742977e7  0.142229825983067  10190.6491368443  9.19934970787404e7  0.6  83.5293193509302  6.03127203110655e26  3.3980013696757994e51  9.7  10.779888682171073  3.2543859510336794  2.7852470243244257e51  11.7  13.123414189912623  2.874172185255532  1.4422971702029698e6  1.8
3.16966966966967  8.73944706482898e7  0.14217586870729426  10176.3097388249  9.18321507970233e7  0.6  83.5296147253642  6.03127203110655e26  3.396301093819529e51  9.7  10.779888682171073  3.2543859510336794  2.7838533555897783e51  11.7  13.123414189912623  2.874172185255532  1.442173129883984e6  1.8
3.17117117117118  8.753235676059769e7  0.14212217592036872  10162.0549762801  9.167147145324379e7  0.6  83.5299090268299  6.03127203110655e26  3.394601668739239e51  9.7  10.779888682171073  3.2543859510336794  2.7824603842124918e51  11.7  13.123414189912623  2.874172185255532  1.4420492062642744e6  1.8
3.17267267267268  8.76700016126296e7  0.14206874553972118  10147.884078239202  9.15114548659216e7  0.6  83.5302022628249  6.03127203110655e26  3.392903094009246e51  9.7  10.779888682171073  3.2543859510336794  2.7810681098436445e51  11.7  13.123414189912623  2.874172185255532  1.4419253991788721e6  1.8
3.17417417417418  8.78074061995153e7  0.1420155755049769  10133.796283064199  9.1352096887572e7  0.6  83.5304944407719  6.03127203110655e26  3.3912053692040445e51  9.7  10.779888682171073  3.2543859510336794  2.7796765321344627e51  11.7  13.123414189912623  2.874172185255532  1.4418017084631177e6  1.8
3.17567567567568  8.79445715101573e7  0.14196266377764863  10119.7908383069  9.11933934043851e7  0.6  83.5307855680199  6.03127203110655e26  3.389508493898352e51  9.7  10.779888682171073  3.2543859510336794  2.778285650736354e51  11.7  13.123414189912623  2.874172185255532  1.4416781339526623e6  1.8
3.17717717717718  8.80814985272811e7  0.14191000834083423  10105.8670005693  9.10353403359098e7  0.6  83.5310756518447  6.03127203110655e26  3.3878124676671e51  9.7  10.779888682171073  3.2543859510336794  2.7768954653009017e51  11.7  13.123414189912623  2.874172185255532  1.4415546754834673e6  1.8
3.17867867867868  8.821818822748509e7  0.14185760719892143  10092.0240353658  9.08779336347398e7  0.6  83.5313646994504  6.03127203110655e26  3.3861172900854335e51  9.7  10.779888682171073  3.2543859510336794  2.7755059754798635e51  11.7  13.123414189912623  2.874172185255532  1.4414313328918028e6  1.8
3.18018018018018  8.835464158129099e7  0.14180545837729427  10078.261216987601  9.07211692862041e7  0.6  83.53165271797  6.03127203110655e26  3.3844229607287085e51  9.7  10.779888682171073  3.2543859510336794  2.774117180925171e51  11.7  13.123414189912623  2.874172185255532  1.4413081060142466e6  1.8
3.18168168168169  8.84908595531922e7  0.14175355992204305  10064.5778283702  9.05650433080605e7  0.6  83.5319397144665  6.03127203110655e26  3.382729479172484e51  9.7  10.779888682171073  3.2543859510336794  2.7727290812889212e51  11.7  13.123414189912623  2.874172185255532  1.4411849946876839e6  1.8
3.18318318318319  8.862684310170281e7  0.1417019098996828  10050.9731609622  9.04095517501919e7  0.6  83.5322256959338  6.03127203110655e26  3.381036844992563e51  9.7  10.779888682171073  3.2543859510336794  2.7713416762234124e51  11.7  13.123414189912623  2.874172185255532  1.4410619987493088e6  1.8
3.18468468468469  8.87625931794059e7  0.14165050639687113  10037.4465145969  9.02546906943073e7  0.6  83.5325106692976  6.03127203110655e26  3.379345057764928e51  9.7  10.779888682171073  3.2543859510336794  2.769954965381089e51  11.7  13.123414189912623  2.874172185255532  1.4409391180366192e6  1.8
3.18618618618619  8.88981107330009e7  0.14159934752013115  10023.997197366201  9.01004562536445e7  0.6  83.5327946414164  6.03127203110655e26  3.377654117065786e51  9.7  10.779888682171073  3.2543859510336794  2.768568948414579e51  11.7  13.123414189912623  2.874172185255532  1.4408163523874187e6  1.8
3.1876876876876903  8.903339670335169e7  0.14154843139678766  10010.624525969799  8.99468445198438e7  0.6  83.5330776177596  6.03127203110655e26  3.3759640224715545e51  9.7  10.779888682171073  3.2543859510336794  2.7671836249766845e51  11.7  13.123414189912623  2.874172185255532  1.4406937016398162e6  1.8
3.1891891891891904  8.91684520254536e7  0.14149775617828575  9997.32782590103  8.97938517694348e7  0.6  83.5333596076659  6.03127203110655e26  3.3742747735588644e51  9.7  10.779888682171073  3.2543859510336794  2.7657989947203806e51  11.7  13.123414189912623  2.874172185255532  1.4405711656322237e6  1.8
3.1906906906907  8.9303277628711e7  0.14144732003619134  9984.10643129017  8.964147415231921e7  0.6  83.5336406164516  6.03127203110655e26  3.372586369904545e51  9.7  10.779888682171073  3.2543859510336794  2.7644150572988074e51  11.7  13.123414189912623  2.874172185255532  1.440448744203356e6  1.8
3.1921921921922003  8.94378744367475e7  0.14139712115603192  9970.95968261046  8.9489707903734e7  0.6  83.5339206507061  6.03127203110655e26  3.3708988110856726e51  9.7  10.779888682171073  3.2543859510336794  2.7630318123653054e51  11.7  13.123414189912623  2.874172185255532  1.440326437192233e6  1.8
3.1936936936937004  8.957224336753389e7  0.1413471577420776  9957.88692804194  8.93385492889036e7  0.6  83.5341997169551  6.03127203110655e26  3.3692120966795015e51  9.7  10.779888682171073  3.2543859510336794  2.761649259573362e51  11.7  13.123414189912623  2.874172185255532  1.440204244438173e6  1.8
3.1951951951952  8.970638533343309e7  0.14129742801709463  9944.88752335991  8.91879946027553e7  0.6  83.5344778216614  6.03127203110655e26  3.367526226263509e51  9.7  10.779888682171073  3.2543859510336794  2.7602673985766474e51  11.7  13.123414189912623  2.874172185255532  1.4400821657807978e6  1.8
3.1966966966967  8.984030124124509e7  0.1412479302221113  9931.96083182518  8.903804016963911e7  0.6  83.5347549712258  6.03127203110655e26  3.365841199415383e51  9.7  10.779888682171073  3.2543859510336794  2.7588862290290028e51  11.7  13.123414189912623  2.874172185255532  1.4399602010600276e6  1.8
3.1981981981982  8.99739919922505e7  0.14119866261618008  9919.10622407634  8.88886823430501e7  0.6  83.5350311719876  6.03127203110655e26  3.3641570157130225e51  9.7  10.779888682171073  3.2543859510336794  2.757505750584445e51  11.7  13.123414189912623  2.874172185255532  1.4398383501160839e6  1.8
3.1996996996997  9.01074584822551e7  0.14114962347614735  9906.32307802383  8.87399175053531e7  0.6  83.5353064302255  6.03127203110655e26  3.362473674734539e51  9.7  10.779888682171073  3.2543859510336794  2.7561259628971634e51  11.7  13.123414189912623  2.874172185255532  1.4397166127894858e6  1.8
3.20120120120121  9.02407016016325e7  0.14110081109642506  9893.61077874584  8.85917420675108e7  0.6  83.5355807521584  6.03127203110655e26  3.360791176058242e51  9.7  10.779888682171073  3.2543859510336794  2.75474686562151e51  11.7  13.123414189912623  2.874172185255532  1.4395949889210514e6  1.8
3.20270270270271  9.03737222353675e7  0.14105222378876836  9880.96871838608  8.84441524688143e7  0.6  83.535854143946  6.03127203110655e26  3.359109519262687e51  9.7  10.779888682171073  3.2543859510336794  2.7533684584120386e51  11.7  13.123414189912623  2.874172185255532  1.439473478351897e6  1.8
3.20420420420421  9.05065212630985e7  0.14100385988205477  9868.39629605324  8.82971451766163e7  0.6  83.5361266116897  6.03127203110655e26  3.357428703926608e51  9.7  10.779888682171073  3.2543859510336794  2.751990740923449e51  11.7  13.123414189912623  2.874172185255532  1.4393520809234346e6  1.8
3.20570570570571  9.06390995591594e7  0.14095571772206636  9855.8929177222  8.81507166860676e7  0.6  83.5363981614331  6.03127203110655e26  3.355748729628957e51  9.7  10.779888682171073  3.2543859510336794  2.7506137128106212e51  11.7  13.123414189912623  2.874172185255532  1.4392307964773728e6  1.8
3.20720720720721  9.0771457992622e7  0.1409077956712755  9843.45799613696  8.800486351985529e7  0.6  83.5366687991629  6.03127203110655e26  3.354069595948901e51  9.7  10.779888682171073  3.2543859510336794  2.749237373728608e51  11.7  13.123414189912623  2.874172185255532  1.439109624855715e6  1.8
3.20870870870871  9.09035974273365e7  0.1408600921086385  9831.09095071521  8.78595822279446e7  0.6  83.5369385308093  6.03127203110655e26  3.3523913024658155e51  9.7  10.779888682171073  3.2543859510336794  2.7478617233326362e51  11.7  13.123414189912623  2.874172185255532  1.4389885659007607e6  1.8
3.21021021021021  9.10355187219731e7  0.14081260542938323  9818.79120745458  8.77148693873227e7  0.6  83.5372073622472  6.03127203110655e26  3.3507138487592866e51  9.7  10.779888682171073  3.2543859510336794  2.7464867612781036e51  11.7  13.123414189912623  2.874172185255532  1.4388676194551024e6  1.8
3.21171171171172  9.11672227300621e7  0.14076533404481198  9806.558198840392  8.757072160174541e7  0.6  83.5374752992961  6.03127203110655e26  3.349037234409099e51  9.7  10.779888682171073  3.2543859510336794  2.7451124872205732e51  11.7  13.123414189912623  2.874172185255532  1.4387467853616255e6  1.8
3.21321321321322  9.12987103000347e7  0.1407182763820948  9794.39136375511  8.74271355014866e7  0.6  83.5377423477217  6.03127203110655e26  3.347361458995283e51  9.7  10.779888682171073  3.2543859510336794  2.743738900815806e51  11.7  13.123414189912623  2.874172185255532  1.438626063463511e6  1.8
3.21471471471472  9.142998227526219e7  0.14067143088407608  9782.29014738928  8.728410774308941e7  0.6  83.5380085132355  6.03127203110655e26  3.3456865220980434e51  9.7  10.779888682171073  3.2543859510336794  2.742366001719708e51  11.7  13.123414189912623  2.874172185255532  1.4385054536042286e6  1.8
3.2162162162162202  9.15610394940957e7  0.14062479600908037  9770.25400115393  8.71416350091213e7  0.6  83.5382738014964  6.03127203110655e26  3.344012423297808e51  9.7  10.779888682171073  3.2543859510336794  2.740993789588367e51  11.7  13.123414189912623  2.874172185255532  1.4383849556275408e6  1.8
3.2177177177177203  9.169188278990519e7  0.1405783702307189  9758.28238259453  8.69997140079301e7  0.6  83.5385382181107  6.03127203110655e26  3.342339162175213e51  9.7  10.779888682171073  3.2543859510336794  2.7396222640780433e51  11.7  13.123414189912623  2.874172185255532  1.4382645693775008e6  1.8
3.2192192192192204  9.18225129911183e7  0.14053215203770433  9746.37475530643  8.68583414734035e7  0.6  83.538801768633  6.03127203110655e26  3.340666738311106e51  9.7  10.779888682171073  3.2543859510336794  2.738251424845169e51  11.7  13.123414189912623  2.874172185255532  1.4381442946984514e6  1.8
3.2207207207207302  9.19529309212585e7  0.14048613993366268  9734.53058885164  8.671751416473089e7  0.6  83.5390644585665  6.03127203110655e26  3.3389951512865324e51  9.7  10.779888682171073  3.2543859510336794  2.736881271546338e51  11.7  13.123414189912623  2.874172185255532  1.4380241314350248e6  1.8
3.2222222222222303  9.20831373989834e7  0.1404403324369544  9722.74935867708  8.65772288661669e7  0.6  83.5393262933642  6.03127203110655e26  3.33732440068278e51  9.7  10.779888682171073  3.2543859510336794  2.7355118038383444e51  11.7  13.123414189912623  2.874172185255532  1.4379040794321427e6  1.8
3.2237237237237304  9.22131332381217e7  0.1403947280804925  9711.03054603423  8.64374823867984e7  0.6  83.5395872784288  6.03127203110655e26  3.3356544860813135e51  9.7  10.779888682171073  3.2543859510336794  2.734143021378126e51  11.7  13.123414189912623  2.874172185255532  1.437784138535014e6  1.8
3.22522522522523  9.23429192477115e7  0.14034932541156622  9699.373637900051  8.62982715603128e7  0.6  83.5398474191137  6.03127203110655e26  3.333985407063819e51  9.7  10.779888682171073  3.2543859510336794  2.7327749238228028e51  11.7  13.123414189912623  2.874172185255532  1.4376643085891348e6  1.8
3.22672672672673  9.247249623203631e7  0.14030412299166853  9687.77812689934  8.61595932447695e7  0.6  83.5401067207234  6.03127203110655e26  3.33231716321219e51  9.7  10.779888682171073  3.2543859510336794  2.731407510829664e51  11.7  13.123414189912623  2.874172185255532  1.437544589440288e6  1.8
3.22822822822823  9.26018649906621e7  0.14025911939632457  9676.24351122834  8.60214443223734e7  0.6  83.5403651885144  6.03127203110655e26  3.3306497541085306e51  9.7  10.779888682171073  3.2543859510336794  2.730040782056173e51  11.7  13.123414189912623  2.874172185255532  1.4374249809345426e6  1.8
3.22972972972973  9.27310263184735e7  0.14021431321492248  9664.76929457958  8.58838216992497e7  0.6  83.540622827695  6.03127203110655e26  3.328983179335153e51  9.7  10.779888682171073  3.2543859510336794  2.728674737159962e51  11.7  13.123414189912623  2.874172185255532  1.4373054829182532e6  1.8
3.23123123123124  9.285998100570959e7  0.1401697030505493  9653.35498606811  8.57467223052232e7  0.6  83.5408796434268  6.03127203110655e26  3.327317438474568e51  9.7  10.779888682171073  3.2543859510336794  2.7273093757988265e51  11.7  13.123414189912623  2.874172185255532  1.4371860952380577e6  1.8
3.23273273273274  9.29887298379997e7  0.1401252875198255  9642.00010015887  8.56101430935972e7  0.6  83.5411356408243  6.03127203110655e26  3.325652531109528e51  9.7  10.779888682171073  3.2543859510336794  2.7259446976307613e51  11.7  13.123414189912623  2.874172185255532  1.4370668177408802e6  1.8
3.23423423423424  9.31172735963985e7  0.1400810652527465  9630.70415659527  8.54740810409365e7  0.6  83.5413908249562  6.03127203110655e26  3.323988456822964e51  9.7  10.779888682171073  3.2543859510336794  2.724580702313905e51  11.7  13.123414189912623  2.874172185255532  1.4369476502739268e6  1.8
3.23573573573574  9.324561305742091e7  0.1400370348925254  9619.46668032908  8.533853314685181e7  0.6  83.5416452008456  6.03127203110655e26  3.322325215198021e51  9.7  10.779888682171073  3.2543859510336794  2.723217389506575e51  11.7  13.123414189912623  2.874172185255532  1.4368285926846862e6  1.8
3.23723723723724  9.337374899307689e7  0.13999319509543307  9608.28720145131  8.520349643378611e7  0.6  83.5418987734703  6.03127203110655e26  3.320662805818057e51  9.7  10.779888682171073  3.2543859510336794  2.7218547588672598e51  11.7  13.123414189912623  2.874172185255532  1.4367096448209295e6  1.8
3.23873873873874  9.350168217090541e7  0.13994954453073533  9597.16525522993  8.50689678765911e7  0.6  83.5421515470331  6.03127203110655e26  3.3190012282666366e51  9.7  10.779888682171073  3.2543859510336794  2.7204928100546203e51  11.7  13.123414189912623  2.874172185255532  1.4365908065307091e6  1.8
3.24024024024024  9.36294133539033e7  0.13990608187506662  9586.100380315482  8.493494468551e7  0.6  83.5424035279051  6.03127203110655e26  3.317340482127534e51  9.7  10.779888682171073  3.2543859510336794  2.7191315427274872e51  11.7  13.123414189912623  2.874172185255532  1.436472077662358e6  1.8
3.24174174174175  9.37569433008785e7  0.1398628058218118  9575.09212160667  8.480142388041799e7  0.6  83.5426547202066  6.03127203110655e26  3.31568056698472e51  9.7  10.779888682171073  3.2543859510336794  2.7177709565448527e51  11.7  13.123414189912623  2.874172185255532  1.4363534580644888e6  1.8
3.24324324324325  9.388427276616439e7  0.1398197150770527  9564.14002885284  8.46684025733923e7  0.6  83.5429051287439  6.03127203110655e26  3.314021482422406e51  9.7  10.779888682171073  3.2543859510336794  2.716411051165907e51  11.7  13.123414189912623  2.874172185255532  1.4362349475859953e6  1.8
3.24474474474475  9.401140249975811e7  0.13977680835911346  9553.24365659537  8.45358778983399e7  0.6  83.5431547582808  6.03127203110655e26  3.312363228024981e51  9.7  10.779888682171073  3.2543859510336794  2.7150518262499843e51  11.7  13.123414189912623  2.874172185255532  1.4361165460760486e6  1.8
3.2462462462462502  9.41383332473532e7  0.1397340843984122  9542.402564104279  8.44038470107988e7  0.6  83.5434036135394  6.03127203110655e26  3.310705803377047e51  9.7  10.779888682171073  3.2543859510336794  2.7136932814565965e51  11.7  13.123414189912623  2.874172185255532  1.4359982533840982e6  1.8
3.2477477477477503  9.42650657503724e7  0.13969154193731964  9531.61631531587  8.427230708774081e7  0.6  83.5436516992006  6.03127203110655e26  3.309049208063422e51  9.7  10.779888682171073  3.2543859510336794  2.7123354164454286e51  11.7  13.123414189912623  2.874172185255532  1.4358800693598709e6  1.8
3.2492492492492504  9.43916007459997e7  0.13964917973001975  9520.884478771299  8.41412553273763e7  0.6  83.5438990199039  6.03127203110655e26  3.307393441669127e51  9.7  10.779888682171073  3.2543859510336794  2.7109782308763333e51  11.7  13.123414189912623  2.874172185255532  1.4357619938533707e6  1.8
3.2507507507507603  9.45179389672119e7  0.13960699654236502  9510.206627556161  8.4010688948961e7  0.6  83.544145580249  6.03127203110655e26  3.305738503779378e51  9.7  10.779888682171073  3.2543859510336794  2.7096217244093263e51  11.7  13.123414189912623  2.874172185255532  1.4356440267148772e6  1.8
3.2522522522522603  9.4644081142811e7  0.1395649911517448  9499.582339240971  8.388060519260469e7  0.6  83.544391384795  6.03127203110655e26  3.304084393979635e51  9.7  10.779888682171073  3.2543859510336794  2.708265896704619e51  11.7  13.123414189912623  2.874172185255532  1.4355261677949475e6  1.8
3.2537537537537604  9.47700279974545e7  0.13952316234694537  9489.01119582271  8.37510013190826e7  0.6  83.5446364380618  6.03127203110655e26  3.3024311118555314e51  9.7  10.779888682171073  3.2543859510336794  2.706910747422567e51  11.7  13.123414189912623  2.874172185255532  1.4354084169444118e6  1.8
3.25525525525526  9.489578025168741e7  0.1394815089280214  9478.492783667101  8.36218746096472e7  0.6  83.5448807445302  6.03127203110655e26  3.300778656992919e51  9.7  10.779888682171073  3.2543859510336794  2.7055562762237043e51  11.7  13.123414189912623  2.874172185255532  1.4352907740143752e6  1.8
3.25675675675676  9.50213386219722e7  0.13944002970615882  9468.026693451971  8.34932223658432e7  0.6  83.5451243086421  6.03127203110655e26  3.2991270289778565e51  9.7  10.779888682171073  3.2543859510336794  2.704202482768735e51  11.7  13.123414189912623  2.874172185255532  1.435173238856216e6  1.8
3.25825825825826  9.51467038207196e7  0.13939872350354965  9457.61252011141  8.33650419093243e7  0.6  83.5453671348014  6.03127203110655e26  3.2974762273966094e51  9.7  10.779888682171073  3.2543859510336794  2.7028493667185323e51  11.7  13.123414189912623  2.874172185255532  1.4350558113215864e6  1.8
3.25975975975976  9.527187655631919e7  0.13935758915326252  9447.24986278077  8.32373305816707e7  0.6  83.5456092273741  6.03127203110655e26  3.295826251835651e51  9.7  10.779888682171073  3.2543859510336794  2.7014969277341405e51  11.7  13.123414189912623  2.874172185255532  1.4349384912624105e6  1.8
3.26126126126127  9.53968575331686e7  0.13931662549911758  9436.938324742621  8.31100857442102e7  0.6  83.5458505906887  6.03127203110655e26  3.29417710188165e51  9.7  10.779888682171073  3.2543859510336794  2.7001451654767628e51  11.7  13.123414189912623  2.874172185255532  1.4348212785308836e6  1.8
3.2627627627627698  9.55216474517034e7  0.1392758313955606  9426.67751337347  8.29833047778397e7  0.6  83.546091229037  6.03127203110655e26  3.292528777121516e51  9.7  10.779888682171073  3.2543859510336794  2.6987940796077998e51  11.7  13.123414189912623  2.874172185255532  1.4347041729794745e6  1.8
3.26426426426427  9.564624700842689e7  0.139235205707543  9416.467040091322  8.28569850828488e7  0.6  83.5463311466739  6.03127203110655e26  3.290881277142329e51  9.7  10.779888682171073  3.2543859510336794  2.6974436697887943e51  11.7  13.123414189912623  2.874172185255532  1.4345871744609203e6  1.8
3.26576576576577  9.57706568959387e7  0.1391947473103996  9406.306520304119  8.27311240787457e7  0.6  83.5465703478184  6.03127203110655e26  3.2892346015313914e51  9.7  10.779888682171073  3.2543859510336794  2.6960939356814686e51  11.7  13.123414189912623  2.874172185255532  1.4344702828282288e6  1.8
3.26726726726727  9.58948778029638e7  0.1391544550897294  9396.19557335884  8.26057192040844e7  0.6  83.5468088366535  6.03127203110655e26  3.287588749876209e51  9.7  10.779888682171073  3.2543859510336794  2.6947448769477125e51  11.7  13.123414189912623  2.874172185255532  1.4343534979346772e6  1.8
3.26876876876877  9.60189104143814e7  0.13911432794128073  9386.13382249152  8.24807679162937e7  0.6  83.5470466173269  6.03127203110655e26  3.285943721764494e51  9.7  10.779888682171073  3.2543859510336794  2.6933964932495856e51  11.7  13.123414189912623  2.874172185255532  1.4342368196338108e6  1.8
3.27027027027027  9.61427554112527e7  0.13907436477083446  9376.120894778  8.23562676915082e7  0.6  83.5472836939514  6.03127203110655e26  3.284299516784167e51  9.7  10.779888682171073  3.2543859510336794  2.6920487842493174e51  11.7  13.123414189912623  2.874172185255532  1.4341202477794443e6  1.8
3.27177177177178  9.62664134708496e7  0.13903456449408802  9366.15642108541  8.223221602440031e7  0.6  83.547520070605  6.03127203110655e26  3.2826561345233414e51  9.7  10.779888682171073  3.2543859510336794  2.6907017496092964e51  11.7  13.123414189912623  2.874172185255532  1.4340037822256577e6  1.8
3.27327327327328  9.6389885266682e7  0.13899492603654612  9356.24003602441  8.21086104280149e7  0.6  83.5477557513315  6.03127203110655e26  3.281013574570371e51  9.7  10.779888682171073  3.2543859510336794  2.6893553889921076e51  11.7  13.123414189912623  2.874172185255532  1.4338874228268012e6  1.8
3.27477477477478  9.65131714685259e7  0.13895544833341028  9346.371377902171  8.19854484336048e7  0.6  83.5479907401409  6.03127203110655e26  3.279371836513782e51  9.7  10.779888682171073  3.2543859510336794  2.688009702060477e51  11.7  13.123414189912623  2.874172185255532  1.433771169437488e6  1.8
3.2762762762762803  9.663627274245021e7  0.13891613032946648  9336.55008867609  8.186272759046839e7  0.6  83.5482250410096  6.03127203110655e26  3.277730919942318e51  9.7  10.779888682171073  3.2543859510336794  2.68666468847731e51  11.7  13.123414189912623  2.874172185255532  1.433655021912599e6  1.8
3.2777777777777803  9.67591897508443e7  0.13887697097898027  9326.77581390817  8.174044546578859e7  0.6  83.548458657881  6.03127203110655e26  3.276090824444928e51  9.7  10.779888682171073  3.2543859510336794  2.685320347905679e51  11.7  13.123414189912623  2.874172185255532  1.433538980107279e6  1.8
3.2792792792792804  9.68819231524446e7  0.13883796924559016  9317.04820272015  8.16185996444737e7  0.6  83.5486915946653  6.03127203110655e26  3.274451549610767e51  9.7  10.779888682171073  3.2543859510336794  2.683976680008826e51  11.7  13.123414189912623  2.874172185255532  1.4334230438769376e6  1.8
3.2807807807807903  9.70044736023612e7  0.13879912410220382  9307.36690774929  8.14971877289994e7  0.6  83.5489238552407  6.03127203110655e26  3.272813095029185e51  9.7  10.779888682171073  3.2543859510336794  2.682633684450152e51  11.7  13.123414189912623  2.874172185255532  1.4333072130772476e6  1.8
3.2822822822822904  9.71268417521044e7  0.13876043453089282  9297.7315851048  8.13762073392529e7  0.6  83.549155443453  6.03127203110655e26  3.271175460289769e51  9.7  10.779888682171073  3.2543859510336794  2.6812913608932537e51  11.7  13.123414189912623  2.874172185255532  1.4331914875641477e6  1.8
3.28378378378379  9.72490282496108e7  0.13872189952279315  9288.14189432502  8.1255656112378e7  0.6  83.5493863631163  6.03127203110655e26  3.2695386449822805e51  9.7  10.779888682171073  3.2543859510336794  2.679949709001869e51  11.7  13.123414189912623  2.874172185255532  1.4330758671938358e6  1.8
3.28528528528529  9.7371033739269e7  0.13868351807800497  9278.59749833517  8.113553170262231e7  0.6  83.5496166180133  6.03127203110655e26  3.267902648696694e51  9.7  10.779888682171073  3.2543859510336794  2.678608728439913e51  11.7  13.123414189912623  2.874172185255532  1.432960351822774e6  1.8
3.28678678678679  9.74928588619457e7  0.13864528920549132  9269.09806340573  8.10158317811855e7  0.6  83.5498462118956  6.03127203110655e26  3.266267471023192e51  9.7  10.779888682171073  3.2543859510336794  2.677268418871469e51  11.7  13.123414189912623  2.874172185255532  1.4328449413076844e6  1.8
3.28828828828829  9.76145042550105e7  0.13860721192298459  9259.64325911156  8.08965540360692e7  0.6  83.5500751484839  6.03127203110655e26  3.2646331115521626e51  9.7  10.779888682171073  3.2543859510336794  2.675928779960789e51  11.7  13.123414189912623  2.874172185255532  1.4327296355055515e6  1.8
3.28978978978979  9.7735970552362e7  0.13856928525688783  9250.23275829152  8.07776961719287e7  0.6  83.5503034314685  6.03127203110655e26  3.262999569874196e51  9.7  10.779888682171073  3.2543859510336794  2.6745898113722918e51  11.7  13.123414189912623  2.874172185255532  1.4326144342736185e6  1.8
3.2912912912913  9.78572583844519e7  0.1385315082421806  9240.86623700873  8.06592559099254e7  0.6  83.5505310645096  6.03127203110655e26  3.261366845580078e51  9.7  10.779888682171073  3.2543859510336794  2.6732515127705556e51  11.7  13.123414189912623  2.874172185255532  1.4324993374693887e6  1.8
3.2927927927928  9.79783683783107e7  0.1384938799214521  9231.54337426194  8.054123101138599e7  0.6  83.5507580515397  6.03127203110655e26  3.2597349382608326e51  9.7  10.779888682171073  3.2543859510336794  2.6719138838203548e51  11.7  13.123414189912623  2.874172185255532  1.4323843449506261e6  1.8
3.2942942942943  9.809930115760711e7  0.13845639934536494  9222.26385221776  8.04236191840691e7  0.6  83.5509843955665  6.03127203110655e26  3.2581038475076534e51  9.7  10.779888682171073  3.2543859510336794  2.6705769241866012e51  11.7  13.123414189912623  2.874172185255532  1.4322694565753513e6  1.8
3.2957957957958  9.82200573425681e7  0.13841906557348077  9213.02735620104  8.03064182214704e7  0.6  83.5512101004628  6.03127203110655e26  3.256473572911952e51  9.7  10.779888682171073  3.2543859510336794  2.6692406335343874e51  11.7  13.123414189912623  2.874172185255532  1.4321546722018428e6  1.8
3.2972972972973  9.83406375501079e7  0.13838187767379118  9203.83357469511  8.0189625909545e7  0.6  83.5514351697726  6.03127203110655e26  3.254844114065344e51  9.7  10.779888682171073  3.2543859510336794  2.6679050115289708e51  11.7  13.123414189912623  2.874172185255532  1.4320399916886378e6  1.8
3.2987987987988  9.84610423938159e7  0.1383448347223785  9194.682199210121  8.007324005005799e7  0.6  83.5516596070114  6.03127203110655e26  3.253215470559648e51  9.7  10.779888682171073  3.2543859510336794  2.666570057835777e51  11.7  13.123414189912623  2.874172185255532  1.4319254148945285e6  1.8
3.3003003003003  9.85812724839811e7  0.138307935803328  9185.572924246431  7.99572584604464e7  0.6  83.5518834156668  6.03127203110655e26  3.251587641986887e51  9.7  10.779888682171073  3.2543859510336794  2.6652357721203993e51  11.7  13.123414189912623  2.874172185255532  1.4318109416785645e6  1.8
3.30180180180181  9.870132842761551e7  0.13827118000864105  9176.505447258362  7.98416789736831e7  0.6  83.552106599198  6.03127203110655e26  3.249960627939279e51  9.7  10.779888682171073  3.2543859510336794  2.6639021540485893e51  11.7  13.123414189912623  2.874172185255532  1.43169657190005e6  1.8
3.30330330330331  9.88212108284769e7  0.13823456643814705  9167.47946861858  7.97264994381419e7  0.6  83.5523291610369  6.03127203110655e26  3.248334428009276e51  9.7  10.779888682171073  3.2543859510336794  2.6625692032862924e51  11.7  13.123414189912623  2.874172185255532  1.4315823054185458e6  1.8
3.30480480480481  9.89409202870927e7  0.13819809419942  9158.49469158298  7.96117177174635e7  0.6  83.5525511045881  6.03127203110655e26  3.2467090417895045e51  9.7  10.779888682171073  3.2543859510336794  2.6612369194995942e51  11.7  13.123414189912623  2.874172185255532  1.4314681420938657e6  1.8
3.3063063063063103  9.90604574007826e7  0.13816176240769268  9149.55082225605  7.94973316904238e7  0.6  83.5527724332289  6.03127203110655e26  3.245084468872803e51  9.7  10.779888682171073  3.2543859510336794  2.6599053023547568e51  11.7  13.123414189912623  2.874172185255532  1.4313540817860772e6  1.8
3.3078078078078104  9.91798227636811e7  0.138125570185774  9140.64756955668  7.93833392508029e7  0.6  83.5529931503099  6.03127203110655e26  3.2434607088522146e51  9.7  10.779888682171073  3.2543859510336794  2.6585743515182088e51  11.7  13.123414189912623  2.874172185255532  1.431240124355502e6  1.8
3.30930930930931  9.92990169667604e7  0.13808951666396818  9131.78464518457  7.926973830725521e7  0.6  83.5532132591554  6.03127203110655e26  3.2418377613209876e51  9.7  10.779888682171073  3.2543859510336794  2.6572440666565476e51  11.7  13.123414189912623  2.874172185255532  1.4311262696627136e6  1.8
3.3108108108108203  9.94180405978524e7  0.13805360097999186  9122.961763587042  7.91565267831813e7  0.6  83.5534327630633  6.03127203110655e26  3.240215625872559e51  9.7  10.779888682171073  3.2543859510336794  2.6559144474365244e51  11.7  13.123414189912623  2.874172185255532  1.4310125175685377e6  1.8
3.3123123123123204  9.95368942416709e7  0.13801782227889617  9114.178641926279  7.904370261660099e7  0.6  83.5536516653055  6.03127203110655e26  3.238594302100608e51  9.7  10.779888682171073  3.2543859510336794  2.6545854935250885e51  11.7  13.123414189912623  2.874172185255532  1.4308988679340528e6  1.8
3.31381381381382  9.9655578479834e7  0.13798217971298538  9105.43500004715  7.893126376002741e7  0.6  83.5538699691283  6.03127203110655e26  3.236973789598978e51  9.7  10.779888682171073  3.2543859510336794  2.653257204589326e51  11.7  13.123414189912623  2.874172185255532  1.430785320620587e6  1.8
3.31531531531532  9.97740938908851e7  0.13794667244174158  9096.730560445361  7.88192081803426e7  0.6  83.5540876777525  6.03127203110655e26  3.2353540879617286e51  9.7  10.779888682171073  3.2543859510336794  2.6519295802964992e51  11.7  13.123414189912623  2.874172185255532  1.4306718754897194e6  1.8
3.31681681681682  9.98924410503151e7  0.13791129963174778  9088.06504823614  7.87075338586743e7  0.6  83.5543047943738  6.03127203110655e26  3.2337351967831264e51  9.7  10.779888682171073  3.2543859510336794  2.650602620314038e51  11.7  13.123414189912623  2.874172185255532  1.430558532403278e6  1.8
3.31831831831832  1.00010620530583e8  0.13787606045660747  9079.43819112331  7.85962387902739e7  0.6  83.5545213221629  6.03127203110655e26  3.232117115657636e51  9.7  10.779888682171073  3.2543859510336794  2.649276324309538e51  11.7  13.123414189912623  2.874172185255532  1.4304452912233416e6  1.8
3.31981981981982  1.0012863290113899e8  0.13784095409687716  9070.849719368789  7.848532098439561e7  0.6  83.554737264266  6.03127203110655e26  3.230499844179928e51  9.7  10.779888682171073  3.2543859510336794  2.6479506919507606e51  11.7  13.123414189912623  2.874172185255532  1.4303321518122363e6  1.8
3.32132132132133  1.00246478728443e8  0.13780597973998407  9062.29936576261  7.837477846417691e7  0.6  83.5549526238047  6.03127203110655e26  3.228883381944862e51  9.7  10.779888682171073  3.2543859510336794  2.6466257229056248e51  11.7  13.123414189912623  2.874172185255532  1.4302191140325365e6  1.8
3.32282282282283  1.00364158575987e8  0.13777113658016107  9053.78686559317  7.826460926652011e7  0.6  83.5551674038765  6.03127203110655e26  3.2272677285475364e51  9.7  10.779888682171073  3.2543859510336794  2.6453014168422435e51  11.7  13.123414189912623  2.874172185255532  1.4301061777470664e6  1.8
3.32432432432433  1.00481673004315e8  0.13773642381836756  9045.311956618089  7.81548114419751e7  0.6  83.555381607555  6.03127203110655e26  3.225652883583217e51  9.7  10.779888682171073  3.2543859510336794  2.643977773428867e51  11.7  13.123414189912623  2.874172185255532  1.4299933428188944e6  1.8
3.32582582582583  1.00599022571045e8  0.13770184066222324  9036.8743790354  7.80453830546235e7  0.6  83.5555952378902  6.03127203110655e26  3.2240388466473846e51  9.7  10.779888682171073  3.2543859510336794  2.642654792333922e51  11.7  13.123414189912623  2.874172185255532  1.4298806091113368e6  1.8
3.32732732732733  1.0071620783088699e8  0.13766738632593392  9028.47387545499  7.79363221819634e7  0.6  83.5558082979085  6.03127203110655e26  3.222425617335722e51  9.7  10.779888682171073  3.2543859510336794  2.6413324732260015e51  11.7  13.123414189912623  2.874172185255532  1.4297679764879546e6  1.8
3.32882882882883  1.00833229335664e8  0.13763306003022577  9020.11019087072  7.7827626914796e7  0.6  83.5560207906131  6.03127203110655e26  3.220813195244112e51  9.7  10.779888682171073  3.2543859510336794  2.6400108157738627e51  11.7  13.123414189912623  2.874172185255532  1.4296554448125563e6  1.8
3.33033033033033  1.0095008763433501e8  0.1375988610022726  9011.78307263265  7.771929535711251e7  0.6  83.5562327189845  6.03127203110655e26  3.219201579968644e51  9.7  10.779888682171073  3.2543859510336794  2.63868981964643e51  11.7  13.123414189912623  2.874172185255532  1.429543013949193e6  1.8
3.33183183183184  1.0106678327301e8  0.1375647884756319  9003.492270419849  7.76113256259831e7  0.6  83.5564440859801  6.03127203110655e26  3.2175907711055955e51  9.7  10.779888682171073  3.2543859510336794  2.6373694845127833e51  11.7  13.123414189912623  2.874172185255532  1.4294306837621608e6  1.8
3.33333333333334  1.0118331679497e8  0.13753084169017454  8995.23753621339  7.75037158514465e7  0.6  83.556654894535  6.03127203110655e26  3.215980768251479e51  9.7  10.779888682171073  3.2543859510336794  2.636049810042196e51  11.7  13.123414189912623  2.874172185255532  1.429318454116001e6  1.8
3.3348348348348402  1.01299688740693e8  0.13749701989202098  8987.018624269902  7.73964641763999e7  0.6  83.5568651475619  6.03127203110655e26  3.214371571002977e51  9.7  10.779888682171073  3.2543859510336794  2.63473079590408e51  11.7  13.123414189912623  2.874172185255532  1.4292063248754963e6  1.8
3.3363363363363403  1.01415899647865e8  0.13746332233347452  8978.835291095329  7.72895687564919e7  0.6  83.5570748479514  6.03127203110655e26  3.2127631789569844e51  9.7  10.779888682171073  3.2543859510336794  2.63341244176802e51  11.7  13.123414189912623  2.874172185255532  1.4290942959056725e6  1.8
3.3378378378378404  1.01531950051403e8  0.13742974827295765  8970.68729541911  7.71830277600145e7  0.6  83.5572839985725  6.03127203110655e26  3.211155591710597e51  9.7  10.779888682171073  3.2543859510336794  2.6320947473037687e51  11.7  13.123414189912623  2.874172185255532  1.4289823670717971e6  1.8
3.33933933933934  1.01647840483475e8  0.13739629697494712  8962.57439816869  7.70768393677973e7  0.6  83.5574926022724  6.03127203110655e26  3.2095488088611154e51  9.7  10.779888682171073  3.2543859510336794  2.6307777121812422e51  11.7  13.123414189912623  2.874172185255532  1.4288705382393803e6  1.8
3.3408408408408503  1.01763571473517e8  0.13736296770991213  8954.49636244439  7.69710017731025e7  0.6  83.5577006618767  6.03127203110655e26  3.207942830006025e51  9.7  10.779888682171073  3.2543859510336794  2.6294613360705127e51  11.7  13.123414189912623  2.874172185255532  1.4287588092741715e6  1.8
3.3423423423423504  1.01879143548252e8  0.13732975975425132  8946.4529534946  7.68655131815206e7  0.6  83.55790818019  6.03127203110655e26  3.2063376547430514e51  9.7  10.779888682171073  3.2543859510336794  2.6281456186418457e51  11.7  13.123414189912623  2.874172185255532  1.4286471800421625e6  1.8
3.34384384384385  1.0199455723170699e8  0.13729667239023163  8938.44393869126  7.67603718108679e7  0.6  83.558115159996  6.03127203110655e26  3.204733282670085e51  9.7  10.779888682171073  3.2543859510336794  2.6268305595656436e51  11.7  13.123414189912623  2.874172185255532  1.4285356504095844e6  1.8
3.34534534534535  1.02109813045237e8  0.13726370490592646  8930.469087505771  7.66555758910842e7  0.6  83.5583216040574  6.03127203110655e26  3.2031297133852287e51  9.7  10.779888682171073  3.2543859510336794  2.6255161585124828e51  11.7  13.123414189912623  2.874172185255532  1.4284242202429068e6  1.8
3.34684684684685  1.0222491150753601e8  0.13723085659515824  8922.52817148512  7.65511236641319e7  0.6  83.5585275151163  6.03127203110655e26  3.2015269464867883e51  9.7  10.779888682171073  3.2543859510336794  2.6242024151531053e51  11.7  13.123414189912623  2.874172185255532  1.428312889408839e6  1.8
3.34834834834835  1.02339853134659e8  0.13719812675733994  8914.620964188942  7.64470133986842e7  0.6  83.558732896049  6.03127203110655e26  3.1999249815732694e51  9.7  10.779888682171073  3.2543859510336794  2.622889329158418e51  11.7  13.123414189912623  2.874172185255532  1.428201657774328e6  1.8
3.34984984984985  1.02454638440063e8  0.13716551469844815  8906.74724147997  7.63432433304939e7  0.6  83.5589377492461  6.03127203110655e26  3.198323818243378e51  9.7  10.779888682171073  3.2543859510336794  2.6215769001994903e51  11.7  13.123414189912623  2.874172185255532  1.428090525206559e6  1.8
3.35135135135136  1.02569267934553e8  0.1371330197295144  8898.906781053061  7.62398117515776e7  0.6  83.5591420775423  6.03127203110655e26  3.196723456096011e51  9.7  10.779888682171073  3.2543859510336794  2.6202651279475498e51  11.7  13.123414189912623  2.874172185255532  1.4279794915729545e6  1.8
3.35285285285286  1.0268374212637201e8  0.13710064116691104  8891.0993625606  7.6136716950918e7  0.6  83.5593458835987  6.03127203110655e26  3.195123894730298e51  9.7  10.779888682171073  3.2543859510336794  2.6189540120740146e51  11.7  13.123414189912623  2.874172185255532  1.427868556741174e6  1.8
3.35435435435436  1.02798061521193e8  0.1370683783324787  8883.32476761883  7.60339572290236e7  0.6  83.5595491700571  6.03127203110655e26  3.193525133745536e51  9.7  10.779888682171073  3.2543859510336794  2.6176435522504398e51  11.7  13.123414189912623  2.874172185255532  1.4277577205791126e6  1.8
3.35585585585586  1.02912226622138e8  0.13703623055347244  8875.58277978598  7.59315308978337e7  0.6  83.5597519395398  6.03127203110655e26  3.191927172741236e51  9.7  10.779888682171073  3.2543859510336794  2.6163337481485542e51  11.7  13.123414189912623  2.874172185255532  1.4276469829549012e6  1.8
3.35735735735736  1.03026237929792e8  0.13700419716250642  8867.87318454071  7.58294362806232e7  0.6  83.5599541946497  6.03127203110655e26  3.1903300113171065e51  9.7  10.779888682171073  3.2543859510336794  2.6150245994402515e51  11.7  13.123414189912623  2.874172185255532  1.4275363437369056e6  1.8
3.35885885885886  1.0314009594222601e8  0.1369722774975005  8860.1957692608  7.57276717119097e7  0.6  83.5601559379706  6.03127203110655e26  3.188733649073057e51  9.7  10.779888682171073  3.2543859510336794  2.613716105797588e51  11.7  13.123414189912623  2.874172185255532  1.4274258027937273e6  1.8
3.36036036036037  1.03253801155006e8  0.13694047090162756  8852.55032320213  7.56262355373603e7  0.6  83.5603571720677  6.03127203110655e26  3.187138085609188e51  9.7  10.779888682171073  3.2543859510336794  2.6124082668927772e51  11.7  13.123414189912623  2.874172185255532  1.4273153599941991e6  1.8
3.36186186186187  1.03367354061219e8  0.13690877672325832  8844.93663747796  7.552512611369951e7  0.6  83.5605578994871  6.03127203110655e26  3.18554332052583e51  9.7  10.779888682171073  3.2543859510336794  2.6111010823982214e51  11.7  13.123414189912623  2.874172185255532  1.4272050152073922e6  1.8
3.36336336336337  1.03480755151479e8  0.13687719431591222  8837.35450503844  7.542434180861901e7  0.6  83.5607581227567  6.03127203110655e26  3.183949353423483e51  9.7  10.779888682171073  3.2543859510336794  2.6097945519864616e51  11.7  13.123414189912623  2.874172185255532  1.4270947683026062e6  1.8
3.3648648648648702  1.03594004913955e8  0.13684572303820347  8829.80372065045  7.53238810006868e7  0.6  83.5609578443856  6.03127203110655e26  3.1823561839028565e51  9.7  10.779888682171073  3.2543859510336794  2.6084886753302103e51  11.7  13.123414189912623  2.874172185255532  1.4269846191493757e6  1.8
3.36636636636637  1.0370710383437599e8  0.13681436225379337  8822.28408087764  7.52237420792584e7  0.6  83.5611570668652  6.03127203110655e26  3.180763811564861e51  9.7  10.779888682171073  3.2543859510336794  2.6071834521023454e51  11.7  13.123414189912623  2.874172185255532  1.4268745676174664e6  1.8
3.36786786786787  1.03820052396057e8  0.13678311133133567  8814.795384060759  7.512392344438851e7  0.6  83.5613557926686  6.03127203110655e26  3.179172236010605e51  9.7  10.779888682171073  3.2543859510336794  2.605878881975906e51  11.7  13.123414189912623  2.874172185255532  1.4267646135768755e6  1.8
3.36936936936937  1.03932851079907e8  0.13675196964443115  8807.33743029828  7.5024423506743e7  0.6  83.561554024251  6.03127203110655e26  3.177581456841399e51  9.7  10.779888682171073  3.2543859510336794  2.6045749646240978e51  11.7  13.123414189912623  2.874172185255532  1.426654756897832e6  1.8
3.37087087087088  1.0404550036445199e8  0.1367209365715765  8799.91002142717  7.49252406875128e7  0.6  83.5617517640502  6.03127203110655e26  3.17599147365874e51  9.7  10.779888682171073  3.2543859510336794  2.603271699720279e51  11.7  13.123414189912623  2.874172185255532  1.4265449974507936e6  1.8
3.37237237237238  1.0415800072584501e8  0.13669001149611615  8792.51296100403  7.48263734183277e7  0.6  83.5619490144862  6.03127203110655e26  3.174402286064358e51  9.7  10.779888682171073  3.2543859510336794  2.6019690869379984e51  11.7  13.123414189912623  2.874172185255532  1.4264353351064506e6  1.8
3.37387387387388  1.0427035263788399e8  0.13665919380619485  8785.14605428642  7.47278201411713e7  0.6  83.5621457779618  6.03127203110655e26  3.172813893660149e51  9.7  10.779888682171073  3.2543859510336794  2.600667125950942e51  11.7  13.123414189912623  2.874172185255532  1.426325769735721e6  1.8
3.37537537537538  1.0438255657203e8  0.13662848289470841  8777.80910821439  7.46295793082969e7  0.6  83.5623420568626  6.03127203110655e26  3.171226296048219e51  9.7  10.779888682171073  3.2543859510336794  2.5993658164329664e51  11.7  13.123414189912623  2.874172185255532  1.4262163012097515e6  1.8
3.37687687687688  1.04494612997418e8  0.13659787815926128  8770.50193139235  7.45316493821441e7  0.6  83.562537853557  6.03127203110655e26  3.169639492830875e51  9.7  10.779888682171073  3.2543859510336794  2.5980651580580944e51  11.7  13.123414189912623  2.874172185255532  1.426106929399918e6  1.8
3.3783783783783803  1.04606522380875e8  0.1365673790021152  8763.224334071061  7.44340288352561e7  0.6  83.5627331703969  6.03127203110655e26  3.168053483610621e51  9.7  10.779888682171073  3.2543859510336794  2.596765150500509e51  11.7  13.123414189912623  2.874172185255532  1.4259976541778243e6  1.8
3.37987987987988  1.0471828518693301e8  0.13653698483014773  8755.9761281299  7.43367161501976e7  0.6  83.5629280097171  6.03127203110655e26  3.166468267990161e51  9.7  10.779888682171073  3.2543859510336794  2.5954657934345582e51  11.7  13.123414189912623  2.874172185255532  1.4258884754153013e6  1.8
3.38138138138139  1.0482990187785e8  0.13650669505480303  8748.75712705943  7.423970981947431e7  0.6  83.5631223738361  6.03127203110655e26  3.164883845572385e51  9.7  10.779888682171073  3.2543859510336794  2.594167086534742e51  11.7  13.123414189912623  2.874172185255532  1.4257793929844059e6  1.8
3.3828828828828903  1.04941372913615e8  0.1364765090920525  8741.56714594404  7.41430083454519e7  0.6  83.5633162650558  6.03127203110655e26  3.163300215960416e51  9.7  10.779888682171073  3.2543859510336794  2.5928690294757513e51  11.7  13.123414189912623  2.874172185255532  1.4256704067574241e6  1.8
3.38438438438439  1.05052698751971e8  0.1364464263623445  8734.40600144494  7.40466102402773e7  0.6  83.5635096856621  6.03127203110655e26  3.161717378757545e51  9.7  10.779888682171073  3.2543859510336794  2.5915716219324138e51  11.7  13.123414189912623  2.874172185255532  1.4255615166068655e6  1.8
3.38588588588589  1.05163879848428e8  0.13641644629056685  8727.27351178328  7.39505140257992e7  0.6  83.5637026379246  6.03127203110655e26  3.160135333567267e51  9.7  10.779888682171073  3.2543859510336794  2.5902748635797274e51  11.7  13.123414189912623  2.874172185255532  1.4254527224054653e6  1.8
3.38738738738739  1.05274916656275e8  0.1363865683059997  8720.16949672357  7.38547182334902e7  0.6  83.563895124097  6.03127203110655e26  3.15855407999328e51  9.7  10.779888682171073  3.2543859510336794  2.588978754092853e51  11.7  13.123414189912623  2.874172185255532  1.4253440240261848e6  1.8
3.38888888888889  1.05385809626595e8  0.1363567918422728  8713.0937775572  7.37592214043698e7  0.6  83.5640871464172  6.03127203110655e26  3.156973617639479e51  9.7  10.779888682171073  3.2543859510336794  2.587683293147114e51  11.7  13.123414189912623  2.874172185255532  1.4252354213422083e6  1.8
3.3903903903904  1.0549655920828299e8  0.13632711633732694  8706.04617708627  7.36640220889276e7  0.6  83.5642787071074  6.03127203110655e26  3.1553939461099464e51  9.7  10.779888682171073  3.2543859510336794  2.5863884804179887e51  11.7  13.123414189912623  2.874172185255532  1.4251269142269446e6  1.8
3.3918918918919  1.05607165848057e8  0.13629754123336837  8699.026519607562  7.35691188470472e7  0.6  83.5644698083744  6.03127203110655e26  3.1538150650089925e51  9.7  10.779888682171073  3.2543859510336794  2.5850943155811417e51  11.7  13.123414189912623  2.874172185255532  1.425018502554027e6  1.8
3.3933933933934  1.0571762999046999e8  0.13626806597683133  8692.03463089676  7.34745102479317e7  0.6  83.5646604524095  6.03127203110655e26  3.152236973941099e51  9.7  10.779888682171073  3.2543859510336794  2.5838007983123765e51  11.7  13.123414189912623  2.874172185255532  1.42491018619731e6  1.8
3.3948948948949003  1.05827952077929e8  0.13623869001833247  8685.0703381928  7.338019487002851e7  0.6  83.5648506413889  6.03127203110655e26  3.150659672510951e51  9.7  10.779888682171073  3.2543859510336794  2.5825079282876648e51  11.7  13.123414189912623  2.874172185255532  1.4248019650308716e6  1.8
3.3963963963964  1.05938132550707e8  0.13620941281263657  8678.133470182469  7.32861713009561e7  0.6  83.5650403774736  6.03127203110655e26  3.1490831603234337e51  9.7  10.779888682171073  3.2543859510336794  2.5812157051831422e51  11.7  13.123414189912623  2.874172185255532  1.4246938389290115e6  1.8
3.3978978978979  1.0604817184695399e8  0.1361802338186116  8671.2238569852  7.31924381374311e7  0.6  83.5652296628096  6.03127203110655e26  3.147507436983628e51  9.7  10.779888682171073  3.2543859510336794  2.5799241286751055e51  11.7  13.123414189912623  2.874172185255532  1.4245858077662503e6  1.8
3.3993993993994  1.0615807040271601e8  0.13615115249919246  8664.341330138  7.30989939851954e7  0.6  83.5654184995282  6.03127203110655e26  3.145932502096817e51  9.7  10.779888682171073  3.2543859510336794  2.5786331984400145e51  11.7  13.123414189912623  2.874172185255532  1.4244778714173308e6  1.8
3.40090090090091  1.0626782865194301e8  0.13612216832134236  8657.48572258063  7.30058374589449e7  0.6  83.565606889746  6.03127203110655e26  3.144358355268466e51  9.7  10.779888682171073  3.2543859510336794  2.5773429141544805e51  11.7  13.123414189912623  2.874172185255532  1.4243700297572145e6  1.8
3.40240240240241  1.0637744702650599e8  0.1360932807560109  8650.65686864093  7.29129671822583e7  0.6  83.565794835565  6.03127203110655e26  3.142784996104272e51  9.7  10.779888682171073  3.2543859510336794  2.5760532754953046e51  11.7  13.123414189912623  2.874172185255532  1.4242622826610852e6  1.8
3.40390390390391  1.06486925956209e8  0.1360644892781005  8643.85460402034  7.282038178752701e7  0.6  83.5659823390728  6.03127203110655e26  3.141212424210095e51  9.7  10.779888682171073  3.2543859510336794  2.5747642821394223e51  11.7  13.123414189912623  2.874172185255532  1.424154630004345e6  1.8
3.40540540540541  1.06596265868803e8  0.1360357933664251  8637.07876577955  7.27280799158851e7  0.6  83.5661694023426  6.03127203110655e26  3.139640639192006e51  9.7  10.779888682171073  3.2543859510336794  2.5734759337639395e51  11.7  13.123414189912623  2.874172185255532  1.4240470716626141e6  1.8
3.4069069069069102  1.06705467189998e8  0.13600719250367585  8630.329192324441  7.263606021714069e7  0.6  83.5663560274337  6.03127203110655e26  3.138069640656272e51  9.7  10.779888682171073  3.2543859510336794  2.5721882300461247e51  11.7  13.123414189912623  2.874172185255532  1.4239396075117327e6  1.8
3.4084084084084103  1.0681453034347701e8  0.13597868617648232  8623.60572342056  7.254432135133879e7  0.6  83.5665422163406  6.03127203110655e26  3.136499428209356e51  9.7  10.779888682171073  3.2543859510336794  2.5709011706634064e51  11.7  13.123414189912623  2.874172185255532  1.4238322374277588e6  1.8
3.40990990990991  1.0692345575091201e8  0.13595027387539063  8616.90820016259  7.24528619820687e7  0.6  83.566727971193  6.03127203110655e26  3.134930001457918e51  9.7  10.779888682171073  3.2543859510336794  2.5696147552933757e51  11.7  13.123414189912623  2.874172185255532  1.4237249612869672e6  1.8
3.4114114114114202  1.07032243831966e8  0.1359219550946375  8610.23646494562  7.23616807863778e7  0.6  83.5669132939577  6.03127203110655e26  3.133361360008806e51  9.7  10.779888682171073  3.2543859510336794  2.5683289836137756e51  11.7  13.123414189912623  2.874172185255532  1.42361777896585e6  1.8
3.4129129129129203  1.07140895004318e8  0.13589372933211274  8603.59036143225  7.22707764480778e7  0.6  83.567098186638  6.03127203110655e26  3.131793503469095e51  9.7  10.779888682171073  3.2543859510336794  2.5670438553025368e51  11.7  13.123414189912623  2.874172185255532  1.4235106903411176e6  1.8
3.41441441441442  1.0724940968366902e8  0.13586559608941065  8596.96973456323  7.21801476593176e7  0.6  83.5672826512238  6.03127203110655e26  3.130226431446025e51  9.7  10.779888682171073  3.2543859510336794  2.5657593700377253e51  11.7  13.123414189912623  2.874172185255532  1.423403695289695e6  1.8
3.41591591591592  1.0735778828375901e8  0.13583755487178972  8590.37443054435  7.20897931205179e7  0.6  83.5674666896914  6.03127203110655e26  3.128660143547043e51  9.7  10.779888682171073  3.2543859510336794  2.5644755274975762e51  11.7  13.123414189912623  2.874172185255532  1.4232967936887224e6  1.8
3.41741741741742  1.0746603121637198e8  0.13580960518814184  8583.80429683361  7.19997115403065e7  0.6  83.5676503040039  6.03127203110655e26  3.127094639379793e51  9.7  10.779888682171073  3.2543859510336794  2.5631923273604857e51  11.7  13.123414189912623  2.874172185255532  1.4231899854155567e6  1.8
3.41891891891892  1.07574138891357e8  0.13578174655095754  8577.2591821284  7.19099016354537e7  0.6  83.5678334961113  6.03127203110655e26  3.125529918552114e51  9.7  10.779888682171073  3.2543859510336794  2.561909769305012e51  11.7  13.123414189912623  2.874172185255532  1.4230832703477684e6  1.8
3.42042042042043  1.0768211171663599e8  0.13575397847629328  8570.73893635294  7.18203621308096e7  0.6  83.5680162679501  6.03127203110655e26  3.123965980672034e51  9.7  10.779888682171073  3.2543859510336794  2.5606278530098644e51  11.7  13.123414189912623  2.874172185255532  1.4229766483631423e6  1.8
3.42192192192193  1.07789950098214e8  0.13572630048373754  8564.2434106458  7.17310917592405e7  0.6  83.5681986214442  6.03127203110655e26  3.122402825347805e51  9.7  10.779888682171073  3.2543859510336794  2.5593465781539386e51  11.7  13.123414189912623  2.874172185255532  1.4228701193396787e6  1.8
3.42342342342343  1.07897654440195e8  0.13569871209637843  8557.77245734764  7.164208926156661e7  0.6  83.5683805585046  6.03127203110655e26  3.1208404521878444e51  9.7  10.779888682171073  3.2543859510336794  2.558065944416266e51  11.7  13.123414189912623  2.874172185255532  1.4227636831555893e6  1.8
3.4249249249249303  1.0800522514479099e8  0.1356712128407724  8551.32592998906  7.15533533865007e7  0.6  83.5685620810293  6.03127203110655e26  3.1192788608007776e51  9.7  10.779888682171073  3.2543859510336794  2.5567859514760473e51  11.7  13.123414189912623  2.874172185255532  1.4226573396892992e6  1.8
3.42642642642643  1.0811266261233899e8  0.1356438022469107  8544.903683278579  7.146488289058599e7  0.6  83.5687431909039  6.03127203110655e26  3.117718050795425e51  9.7  10.779888682171073  3.2543859510336794  2.555506599012643e51  11.7  13.123414189912623  2.874172185255532  1.4225510888194467e6  1.8
3.42792792792793  1.08219967241304e8  0.13561647984818925  8538.50557309081  7.13766765381365e7  0.6  83.5689238900013  6.03127203110655e26  3.1161580217808e51  9.7  10.779888682171073  3.2543859510336794  2.5542278867055743e51  11.7  13.123414189912623  2.874172185255532  1.4224449304248807e6  1.8
3.42942942942943  1.08327139428298e8  0.1355892451813769  8532.131456454721  7.12887331011761e7  0.6  83.5691041801821  6.03127203110655e26  3.114598773366117e51  9.7  10.779888682171073  3.2543859510336794  2.5529498142345224e51  11.7  13.123414189912623  2.874172185255532  1.4223388643846624e6  1.8
3.43093093093094  1.0843417956808901e8  0.1355620977865855  8525.78119154212  7.12010513593795e7  0.6  83.5692840632946  6.03127203110655e26  3.113040305160772e51  9.7  10.779888682171073  3.2543859510336794  2.5516723812793215e51  11.7  13.123414189912623  2.874172185255532  1.4222328905780634e6  1.8
3.43243243243244  1.0854108805361399e8  0.13553503720723734  8519.454637656181  7.11136301000129e7  0.6  83.5694635411747  6.03127203110655e26  3.111482616774388e51  9.7  10.779888682171073  3.2543859510336794  2.5503955875199903e51  11.7  13.123414189912623  2.874172185255532  1.4221270088845678e6  1.8
3.43393393393394  1.08647865275986e8  0.13550806299003587  8513.15165522015  7.10264681178754e7  0.6  83.5696426156463  6.03127203110655e26  3.1099257078167515e51  9.7  10.779888682171073  3.2543859510336794  2.549119432636682e51  11.7  13.123414189912623  2.874172185255532  1.4220212191838676e6  1.8
3.43543543543544  1.08754511624512e8  0.1354811746849383  8506.87210576623  7.09395642152415e7  0.6  83.5698212885214  6.03127203110655e26  3.1083695778978575e51  9.7  10.779888682171073  3.2543859510336794  2.5478439163097194e51  11.7  13.123414189912623  2.874172185255532  1.421915521355865e6  1.8
3.4369369369369402  1.08861027486697e8  0.13545437184512302  8500.61585192452  7.08529172018032e7  0.6  83.5699995616  6.03127203110655e26  3.106814226627893e51  9.7  10.779888682171073  3.2543859510336794  2.546569038219585e51  11.7  13.123414189912623  2.874172185255532  1.4218099152806723e6  1.8
3.43843843843844  1.0896741324826099e8  0.13542765402695972  8494.382757412151  7.07665258946134e7  0.6  83.5701774366702  6.03127203110655e26  3.105259653617243e51  9.7  10.779888682171073  3.2543859510336794  2.54529479804692e51  11.7  13.123414189912623  2.874172185255532  1.4217044008386089e6  1.8
3.43993993993994  1.09073669293148e8  0.13540102078998567  8488.17268702251  7.06803891180294e7  0.6  83.5703549155085  6.03127203110655e26  3.1037058584764835e51  9.7  10.779888682171073  3.2543859510336794  2.5440211954725274e51  11.7  13.123414189912623  2.874172185255532  1.421598977910204e6  1.8
3.4414414414414503  1.0917979600353499e8  0.13537447169687136  8481.9855066146  7.05945057036568e7  0.6  83.5705319998799  6.03127203110655e26  3.102152840816378e51  9.7  10.779888682171073  3.2543859510336794  2.542748230177359e51  11.7  13.123414189912623  2.874172185255532  1.4214936463761933e6  1.8
3.44294294294295  1.0928579375984699e8  0.13534800631339558  8475.821083102559  7.05088744902945e7  0.6  83.5707086915378  6.03127203110655e26  3.100600600247916e51  9.7  10.779888682171073  3.2543859510336794  2.5414759018425544e51  11.7  13.123414189912623  2.874172185255532  1.4213884061175217e6  1.8
3.44444444444445  1.0939166294076301e8  0.13532162420841667  8469.67928444526  7.04234943238797e7  0.6  83.5708849922241  6.03127203110655e26  3.0990491363822484e51  9.7  10.779888682171073  3.2543859510336794  2.540204210149384e51  11.7  13.123414189912623  2.874172185255532  1.4212832570153398e6  1.8
3.44594594594595  1.0949740392323199e8  0.13529532495384444  8463.55997963607  7.03383640574333e7  0.6  83.5710609036695  6.03127203110655e26  3.0974984488307336e51  9.7  10.779888682171073  3.2543859510336794  2.5389331547792898e51  11.7  13.123414189912623  2.874172185255532  1.4211781989510043e6  1.8
3.44744744744745  1.0960301708247699e8  0.13526910812461396  8457.46303869268  7.02534825510063e7  0.6  83.5712364275935  6.03127203110655e26  3.0959485372049224e51  9.7  10.779888682171073  3.2543859510336794  2.537662735413871e51  11.7  13.123414189912623  2.874172185255532  1.4210732318060787e6  1.8
3.44894894894895  1.0970850279201299e8  0.13524297329865806  8451.388332647139  7.01688486716262e7  0.6  83.5714115657045  6.03127203110655e26  3.0943994011165607e51  9.7  10.779888682171073  3.2543859510336794  2.536392951734886e51  11.7  13.123414189912623  2.874172185255532  1.4209683554623316e6  1.8
3.45045045045046  1.09813861423652e8  0.13521692005687996  8445.33573353589  7.00844612932442e7  0.6  83.5715863196997  6.03127203110655e26  3.09285104017758e51  9.7  10.779888682171073  3.2543859510336794  2.535123803424246e51  11.7  13.123414189912623  2.874172185255532  1.4208635698017364e6  1.8
3.45195195195196  1.09919093347516e8  0.1351909479831276  8439.305114390048  7.00003192966827e7  0.6  83.5717606912655  6.03127203110655e26  3.091303454000133e51  9.7  10.779888682171073  3.2543859510336794  2.5338552901640434e51  11.7  13.123414189912623  2.874172185255532  1.4207588747064732e6  1.8
3.45345345345346  1.10024198932045e8  0.13516505666416812  8433.296349225691  6.99164215695833e7  0.6  83.5719346820775  6.03127203110655e26  3.0897566421965393e51  9.7  10.779888682171073  3.2543859510336794  2.532587411636508e51  11.7  13.123414189912623  2.874172185255532  1.420654270058924e6  1.8
3.4549549549549603  1.10129178544012e8  0.13513924568965965  8427.30931303434  6.98327670063553e7  0.6  83.5721082938005  6.03127203110655e26  3.088210604379321e51  9.7  10.779888682171073  3.2543859510336794  2.5313201675240338e51  11.7  13.123414189912623  2.874172185255532  1.4205497557416756e6  1.8
3.45645645645646  1.10234032548526e8  0.13511351465212895  8421.34388177347  6.974935450812459e7  0.6  83.5722815280886  6.03127203110655e26  3.086665340161195e51  9.7  10.779888682171073  3.2543859510336794  2.530053557509176e51  11.7  13.123414189912623  2.874172185255532  1.4204453316375178e6  1.8
3.45795795795796  1.10338761309049e8  0.13508786314694332  8415.39993235723  6.96661829826834e7  0.6  83.5724543865854  6.03127203110655e26  3.08512084915507e51  9.7  10.779888682171073  3.2543859510336794  2.5287875812746478e51  11.7  13.123414189912623  2.874172185255532  1.4203409976294439e6  1.8
3.45945945945946  1.10443365187401e8  0.1350622907722874  8409.477342647171  6.95832513444396e7  0.6  83.5726268709238  6.03127203110655e26  3.083577130974051e51  9.7  10.779888682171073  3.2543859510336794  2.5275222385033207e51  11.7  13.123414189912623  2.874172185255532  1.4202367536006488e6  1.8
3.46096096096097  1.1054784454377401e8  0.1350367971291378  8403.57599144318  6.95005585143674e7  0.6  83.5727989827266  6.03127203110655e26  3.0820341852314256e51  9.7  10.779888682171073  3.2543859510336794  2.5262575288782177e51  11.7  13.123414189912623  2.874172185255532  1.4201325994345297e6  1.8
3.46246246246247  1.10652199736738e8  0.1350113818212378  8397.69575847443  6.9418103419958e7  0.6  83.5729707236061  6.03127203110655e26  3.080492011540704e51  9.7  10.779888682171073  3.2543859510336794  2.5249934520825444e51  11.7  13.123414189912623  2.874172185255532  1.4200285350146869e6  1.8
3.46396396396397  1.1075643112325501e8  0.13498604445507528  8391.83652439049  6.93358849951709e7  0.6  83.5731420951644  6.03127203110655e26  3.0789506095155614e51  9.7  10.779888682171073  3.2543859510336794  2.5237300077996404e51  11.7  13.123414189912623  2.874172185255532  1.4199245602249198e6  1.8
3.46546546546547  1.10860539058683e8  0.1349607846398561  8385.99817075252  6.92539021803851e7  0.6  83.5733130989934  6.03127203110655e26  3.077409978769874e51  9.7  10.779888682171073  3.2543859510336794  2.5224671957130118e51  11.7  13.123414189912623  2.874172185255532  1.4198206749492297e6  1.8
3.4669669669669703  1.10964523896792e8  0.1349356019874826  8380.180580024571  6.917215392235179e7  0.6  83.5734837366751  6.03127203110655e26  3.0758701189177136e51  9.7  10.779888682171073  3.2543859510336794  2.521205015506323e51  11.7  13.123414189912623  2.874172185255532  1.4197168790718175e6  1.8
3.46846846846847  1.1106838598976801e8  0.13491049611252906  8374.383635565  6.90906391741464e7  0.6  83.5736540097813  6.03127203110655e26  3.0743310295733454e51  9.7  10.779888682171073  3.2543859510336794  2.5199434668633977e51  11.7  13.123414189912623  2.874172185255532  1.4196131724770844e6  1.8
3.46996996996997  1.1117212568822801e8  0.13488546663221795  8368.60722161796  6.90093568951215e7  0.6  83.5738239198741  6.03127203110655e26  3.072792710351224e51  9.7  10.779888682171073  3.2543859510336794  2.5186825494682165e51  11.7  13.123414189912623  2.874172185255532  1.4195095550496313e6  1.8
3.4714714714714803  1.1127574334122398e8  0.13486051316636463  8362.85122330203  6.89283060388622e7  0.6  83.5739934684539  6.03127203110655e26  3.07125516086599e51  9.7  10.779888682171073  3.2543859510336794  2.51742226300491e51  11.7  13.123414189912623  2.874172185255532  1.4194060266742567e6  1.8
3.47297297297298  1.11379239296237e8  0.1348356353372622  8357.11552656094  6.88474856009627e7  0.6  83.5741626571695  6.03127203110655e26  3.069718380732507e51  9.7  10.779888682171073  3.2543859510336794  2.5161626071577928e51  11.7  13.123414189912623  2.874172185255532  1.4193025872359602e6  1.8
3.47447447447448  1.1148261389924099e8  0.13481083276993575  8351.40001824932  6.876689454734099e7  0.6  83.5743314875017  6.03127203110655e26  3.068182369565799e51  9.7  10.779888682171073  3.2543859510336794  2.514903581611311e51  11.7  13.123414189912623  2.874172185255532  1.4191992366199372e6  1.8
3.47597597597598  1.1158586749465801e8  0.1347861050919512  8345.70458606563  6.86865318619758e7  0.6  83.574499960974  6.03127203110655e26  3.0666471269810954e51  9.7  10.779888682171073  3.2543859510336794  2.513645186050078e51  11.7  13.123414189912623  2.874172185255532  1.419095974711582e6  1.8
3.47747747747748  1.11689000425382e8  0.13476145193341052  8340.02911855259  6.86063965348927e7  0.6  83.5746680791003  6.03127203110655e26  3.065112652593816e51  9.7  10.779888682171073  3.2543859510336794  2.512387420158866e51  11.7  13.123414189912623  2.874172185255532  1.418992801396486e6  1.8
3.4789789789789802  1.1179201303279099e8  0.13473687292692718  8334.3735050893  6.85264875621185e7  0.6  83.5748358433853  6.03127203110655e26  3.063578946019574e51  9.7  10.779888682171073  3.2543859510336794  2.511130283622602e51  11.7  13.123414189912623  2.874172185255532  1.418889716560437e6  1.8
3.48048048048049  1.11894905656758e8  0.1347123677076075  8328.73763588331  6.844680394563779e7  0.6  83.5750032553243  6.03127203110655e26  3.062046006874165e51  9.7  10.779888682171073  3.2543859510336794  2.5098737761263648e51  11.7  13.123414189912623  2.874172185255532  1.4187867200894195e6  1.8
3.48198198198199  1.11997678635656e8  0.13468793591302514  8323.12140196289  6.83673446933482e7  0.6  83.5751703164032  6.03127203110655e26  3.060513834773606e51  9.7  10.779888682171073  3.2543859510336794  2.5086178973554146e51  11.7  13.123414189912623  2.874172185255532  1.4186838118696148e6  1.8
3.4834834834834902  1.12100332306367e8  0.13466357718320532  8317.52469516934  6.82881088190173e7  0.6  83.5753370280991  6.03127203110655e26  3.0589824293340774e51  9.7  10.779888682171073  3.2543859510336794  2.5073626469951455e51  11.7  13.123414189912623  2.874172185255532  1.4185809917873987e6  1.8
3.4849849849849903  1.12202867004293e8  0.13463929116059944  8311.94740814937  6.82090953422392e7  0.6  83.5755033918794  6.03127203110655e26  3.0574517901719607e51  9.7  10.779888682171073  3.2543859510336794  2.5061080247311154e51  11.7  13.123414189912623  2.874172185255532  1.418478259729343e6  1.8
3.48648648648649  1.1230528306336501e8  0.13461507749006618  8306.38943434757  6.81303032883919e7  0.6  83.575669409203  6.03127203110655e26  3.05592191690383e51  9.7  10.779888682171073  3.2543859510336794  2.5048540302490408e51  11.7  13.123414189912623  2.874172185255532  1.4183756155822135e6  1.8
3.48798798798799  1.1240758081605099e8  0.13459093581884976  8300.85066799904  6.80517316885946e7  0.6  83.5758350815197  6.03127203110655e26  3.0543928091464495e51  9.7  10.779888682171073  3.2543859510336794  2.5036006632347948e51  11.7  13.123414189912623  2.874172185255532  1.4182730592329707e6  1.8
3.48948948948949  1.1250976059336099e8  0.13456686579656243  8295.33100412198  6.79733795796659e7  0.6  83.5760004102701  6.03127203110655e26  3.052864466516778e51  9.7  10.779888682171073  3.2543859510336794  2.5023479233744082e51  11.7  13.123414189912623  2.874172185255532  1.4181705905687693e6  1.8
3.490990990991  1.12611822724862e8  0.13454286707516133  8289.83033851044  6.78952460040817e7  0.6  83.5761653968864  6.03127203110655e26  3.051336888631953e51  9.7  10.779888682171073  3.2543859510336794  2.5010958103540605e51  11.7  13.123414189912623  2.874172185255532  1.4180682094769566e6  1.8
3.4924924924925  1.12713767538682e8  0.1345189393089299  8284.34856772714  6.78173300099344e7  0.6  83.5763300427918  6.03127203110655e26  3.0498100751093376e51  9.7  10.779888682171073  3.2543859510336794  2.499844323860113e51  11.7  13.123414189912623  2.874172185255532  1.417965915845075e6  1.8
3.493993993994  1.1281559536152e8  0.1344950821544577  8278.88558909638  6.77396306508913e7  0.6  83.576494349401  6.03127203110655e26  3.0482840255664515e51  9.7  10.779888682171073  3.2543859510336794  2.4985934635790588e51  11.7  13.123414189912623  2.874172185255532  1.4178637095608574e6  1.8
3.4954954954955  1.1291730651865299e8  0.13447129527062132  8273.441300697  6.76621469861542e7  0.6  83.5766583181199  6.03127203110655e26  3.046758739621019e51  9.7  10.779888682171073  3.2543859510336794  2.497343229197557e51  11.7  13.123414189912623  2.874172185255532  1.41776159051223e6  1.8
3.4969969969970003  1.1301890133394799e8  0.1344475783185666  8268.01560135538  6.75848780804193e7  0.6  83.576821950346  6.03127203110655e26  3.0452342168909555e51  9.7  10.779888682171073  3.2543859510336794  2.4960936204024227e51  11.7  13.123414189912623  2.874172185255532  1.4176595585873106e6  1.8
3.4984984984985  1.1312038012986399e8  0.13442393096168584  8262.608390638681  6.7507823003837e7  0.6  83.5769852474682  6.03127203110655e26  3.0437104569943664e51  9.7  10.779888682171073  3.2543859510336794  2.494844636880628e51  11.7  13.123414189912623  2.874172185255532  1.4175576136744088e6  1.8
3.5  1.1322174322746702e8  0.13440035286560262  8257.21956884795  6.74309808319722e7  0.6  83.5771482108671  6.03127203110655e26  3.042187459549548e51  9.7  10.779888682171073  3.2543859510336794  2.4935962783193015e51  11.7  13.123414189912623  2.874172185255532  1.4174557556620245e6  1.8
3.5015015015015103  1.1332299094643399e8  0.13437684369815  8251.849037011421  6.73543506457654e7  0.6  83.577310841915  6.03127203110655e26  3.040665224174978e51  9.7  10.779888682171073  3.2543859510336794  2.49234854440572e51  11.7  13.123414189912623  2.874172185255532  1.4173539844388482e6  1.8
3.50300300300301  1.13424123605062e8  0.13435340312935495  8246.496696877899  6.72779315314934e7  0.6  83.5774731419758  6.03127203110655e26  3.039143750489357e51  9.7  10.779888682171073  3.2543859510336794  2.4911014348273425e51  11.7  13.123414189912623  2.874172185255532  1.417252299893763e6  1.8
3.50450450450451  1.1352514152027401e8  0.13433003083141776  8241.16245091016  6.72017225807308e7  0.6  83.5776351124053  6.03127203110655e26  3.037623038111544e51  9.7  10.779888682171073  3.2543859510336794  2.4898549492717574e51  11.7  13.123414189912623  2.874172185255532  1.4171507019158388e6  1.8
3.50600600600601  1.13626045007633e8  0.1343067264786951  8235.84620227848  6.71257228903119e7  0.6  83.577796754551  6.03127203110655e26  3.036103086660599e51  9.7  10.779888682171073  3.2543859510336794  2.4886090874267203e51  11.7  13.123414189912623  2.874172185255532  1.4170491903943357e6  1.8
3.50750750750751  1.1372683438134201e8  0.13428348974768145  8230.54785485411  6.7049931562292404e7  0.6  83.5779580697526  6.03127203110655e26  3.034583895755773e51  9.7  10.779888682171073  3.2543859510336794  2.487363848980142e51  11.7  13.123414189912623  2.874172185255532  1.4169477652187038e6  1.8
3.5090090090090102  1.1382750995425801e8  0.13426032031699264  8225.26731320306  6.6974347703912005e7  0.6  83.5781190593414  6.03127203110655e26  3.0330654650165074e51  9.7  10.779888682171073  3.2543859510336794  2.486119233620088e51  11.7  13.123414189912623  2.874172185255532  1.416846426278581e6  1.8
3.51051051051052  1.13928072037898e8  0.1342372178673449  8220.00448257969  6.6898970427557305e7  0.6  83.5782797246412  6.03127203110655e26  3.031547794062425e51  9.7  10.779888682171073  3.2543859510336794  2.4848752410347747e51  11.7  13.123414189912623  2.874172185255532  1.4167451734637928e6  1.8
3.51201201201202  1.14028520942443e8  0.13421418208154223  8214.75926892053  6.68237988507241e7  0.6  83.5784400669675  6.03127203110655e26  3.030030882513367e51  9.7  10.779888682171073  3.2543859510336794  2.4836318709125966e51  11.7  13.123414189912623  2.874172185255532  1.4166440066643546e6  1.8
3.5135135135135203  1.1412885697675401e8  0.13419121264445508  8209.53157883814  6.67488320959817e7  0.6  83.5786000876282  6.03127203110655e26  3.0285147299893374e51  9.7  10.779888682171073  3.2543859510336794  2.48238912294208e51  11.7  13.123414189912623  2.874172185255532  1.4165429257704674e6  1.8
3.51501501501502  1.1422908044836901e8  0.1341683092430056  8204.321319615  6.66740692909355e7  0.6  83.5787597879234  6.03127203110655e26  3.0269993361105375e51  9.7  10.779888682171073  3.2543859510336794  2.4811469968119163e51  11.7  13.123414189912623  2.874172185255532  1.4164419306725194e6  1.8
3.51651651651652  1.1432919166352099e8  0.1341454715661494  8199.12839919749  6.65995095681919e7  0.6  83.5789191691455  6.03127203110655e26  3.0254847004973606e51  9.7  10.779888682171073  3.2543859510336794  2.4799054922109516e51  11.7  13.123414189912623  2.874172185255532  1.4163410212610855e6  1.8
3.51801801801802  1.1442919092713699e8  0.13412269930485995  8193.95272618994  6.65251520653217e7  0.6  83.5790782325792  6.03127203110655e26  3.0239708227703885e51  9.7  10.779888682171073  3.2543859510336794  2.4786646088281876e51  11.7  13.123414189912623  2.874172185255532  1.4162401974269277e6  1.8
3.51951951951952  1.14529078542851e8  0.13409999215211174  8188.79420984872  6.64509959248252e7  0.6  83.5792369795016  6.03127203110655e26  3.022457702550395e51  9.7  10.779888682171073  3.2543859510336794  2.477424346352783e51  11.7  13.123414189912623  2.874172185255532  1.4161394590609926e6  1.8
3.52102102102103  1.1462885481300801e8  0.13407734980286287  8183.65276007644  6.63770402940967e7  0.6  83.5793954111823  6.03127203110655e26  3.020945339458331e51  9.7  10.779888682171073  3.2543859510336794  2.4761847044740423e51  11.7  13.123414189912623  2.874172185255532  1.416038806054412e6  1.8
3.52252252252253  1.1472852003867501e8  0.13405477195403992  8178.528287416179  6.63032843253899e7  0.6  83.5795535288835  6.03127203110655e26  3.019433733115369e51  9.7  10.779888682171073  3.2543859510336794  2.4749456828814507e51  11.7  13.123414189912623  2.874172185255532  1.4159382382985048e6  1.8
3.52402402402403  1.14828074519644e8  0.13403225830452187  8173.42070304576  6.62297271757831e7  0.6  83.5797113338599  6.03127203110655e26  3.017922883142842e51  9.7  10.779888682171073  3.2543859510336794  2.4737072812646247e51  11.7  13.123414189912623  2.874172185255532  1.4158377556847725e6  1.8
3.5255255255255302  1.14927518554442e8  0.13400980855512323  8168.32991877209  6.61563680071451e7  0.6  83.579868827359  6.03127203110655e26  3.016412789162278e51  9.7  10.779888682171073  3.2543859510336794  2.4724694993133428e51  11.7  13.123414189912623  2.874172185255532  1.4157373581049016e6  1.8
3.5270270270270303  1.15026852440339e8  0.1339874224085802  8163.25584702566  6.60832059861009e7  0.6  83.5800260106206  6.03127203110655e26  3.014903450795399e51  9.7  10.779888682171073  3.2543859510336794  2.4712323367175403e51  11.7  13.123414189912623  2.874172185255532  1.4156370454507624e6  1.8
3.52852852852853  1.15126076473351e8  0.133965099569532  8158.198400854931  6.60102402839983e7  0.6  83.5801828848778  6.03127203110655e26  3.013394867664115e51  9.7  10.779888682171073  3.2543859510336794  2.4699957931673077e51  11.7  13.123414189912623  2.874172185255532  1.415536817614408e6  1.8
3.53003003003003  1.15225190948252e8  0.13394283974450852  8153.15749392092  6.59374700768744e7  0.6  83.5803394513561  6.03127203110655e26  3.0118870393905236e51  9.7  10.779888682171073  3.2543859510336794  2.4687598683528884e51  11.7  13.123414189912623  2.874172185255532  1.4154366744880758e6  1.8
3.5315315315315403  1.15324196158578e8  0.13392064264191386  8148.13304049176  6.58648945454221e7  0.6  83.5804957112741  6.03127203110655e26  3.0103799655969036e51  9.7  10.779888682171073  3.2543859510336794  2.4675245619646752e51  11.7  13.123414189912623  2.874172185255532  1.415336615964184e6  1.8
3.53303303303304  1.15423092396634e8  0.13389850797201028  8143.12495543742  6.5792512874957696e7  0.6  83.5806516658432  6.03127203110655e26  3.008873645905751e51  9.7  10.779888682171073  3.2543859510336794  2.466289873693239e51  11.7  13.123414189912623  2.874172185255532  1.4152366419353364e6  1.8
3.53453453453454  1.15521879953503e8  0.13387643544690375  8138.133154224321  6.572032425538769e7  0.6  83.5808073162678  6.03127203110655e26  3.0073680799397224e51  9.7  10.779888682171073  3.2543859510336794  2.465055803229281e51  11.7  13.123414189912623  2.874172185255532  1.415136752294315e6  1.8
3.53603603603604  1.15620559119052e8  0.1338544247805315  8133.15755291018  6.5648327881177306e7  0.6  83.5809626637454  6.03127203110655e26  3.005863267321673e51  9.7  10.779888682171073  3.2543859510336794  2.463822350263666e51  11.7  13.123414189912623  2.874172185255532  1.4150369469340856e6  1.8
3.53753753753754  1.15719130181936e8  0.1338324756886034  8128.19806812599  6.5576522964891605e7  0.6  83.581117709508  6.03127203110655e26  3.0043592076746436e51  9.7  10.779888682171073  3.2543859510336794  2.462589514487413e51  11.7  13.123414189912623  2.874172185255532  1.4149372257477941e6  1.8
3.5390390390390403  1.15817593429631e8  0.13381058788863928  8123.25461709768  6.55049086831282e7  0.6  83.5812724546552  6.03127203110655e26  3.0028559006218686e51  9.7  10.779888682171073  3.2543859510336794  2.4613572955916955e51  11.7  13.123414189912623  2.874172185255532  1.4148375886287678e6  1.8
3.54054054054055  1.15915949148375e8  0.1337887610999616  8118.327117618771  6.54334842573691e7  0.6  83.5814269004055  6.03127203110655e26  3.001353345786757e51  9.7  10.779888682171073  3.2543859510336794  2.4601256932678342e51  11.7  13.123414189912623  2.874172185255532  1.4147380354705132e6  1.8
3.54204204204205  1.1601419762323599e8  0.1337669950436653  8113.41548805846  6.5362248900020994e7  0.6  83.581581047929  6.03127203110655e26  2.999851542792939e51  9.7  10.779888682171073  3.2543859510336794  2.458894707207327e51  11.7  13.123414189912623  2.874172185255532  1.4146385661667192e6  1.8
3.5435435435435503  1.16112339138101e8  0.13374528944260364  8108.51964735171  6.5291201827893e7  0.6  83.5817348983888  6.03127203110655e26  2.998350491264201e51  9.7  10.779888682171073  3.2543859510336794  2.457664337101804e51  11.7  13.123414189912623  2.874172185255532  1.4145391806112516e6  1.8
3.54504504504505  1.1621037397568e8  0.13372364402137255  8103.63951499426  6.52203422621656e7  0.6  83.5818884529417  6.03127203110655e26  2.996850190824528e51  9.7  10.779888682171073  3.2543859510336794  2.456434582643056e51  11.7  13.123414189912623  2.874172185255532  1.4144398786981571e6  1.8
3.54654654654655  1.1630830241751501e8  0.13370205850629419  8098.77501103785  6.51496694283611e7  0.6  83.5820417127375  6.03127203110655e26  2.9953506410980945e51  9.7  10.779888682171073  3.2543859510336794  2.4552054435230285e51  11.7  13.123414189912623  2.874172185255532  1.4143406603216606e6  1.8
3.54804804804805  1.1640612474398401e8  0.13368053262540797  8093.926056085291  6.5079182556312695e7  0.6  83.5821946789198  6.03127203110655e26  2.993851841709261e51  9.7  10.779888682171073  3.2543859510336794  2.4539769194338206e51  11.7  13.123414189912623  2.874172185255532  1.4142415253761658e6  1.8
3.54954954954955  1.1650384123430899e8  0.1336590661084521  8089.09257128578  6.500888088013499e7  0.6  83.5823473526254  6.03127203110655e26  2.9923537922825786e51  9.7  10.779888682171073  3.2543859510336794  2.4527490100676875e51  11.7  13.123414189912623  2.874172185255532  1.4141424737562537e6  1.8
3.55105105105106  1.16601452166561e8  0.13363765868685312  8084.27447833017  6.4938763638193995e7  0.6  83.5824997349848  6.03127203110655e26  2.990856492442774e51  9.7  10.779888682171073  3.2543859510336794  2.4515217151170283e51  11.7  13.123414189912623  2.874172185255532  1.4140435053566836e6  1.8
3.55255255255256  1.1669895781767e8  0.13361631009371225  8079.471699446241  6.4868830073078e7  0.6  83.5826518271219  6.03127203110655e26  2.9893599418147927e51  9.7  10.779888682171073  3.2543859510336794  2.4502950342744203e51  11.7  13.123414189912623  2.874172185255532  1.4139446200723932e6  1.8
3.55405405405406  1.1679635846342501e8  0.13359502006379093  8074.68415739416  6.47990794315681e7  0.6  83.5828036301546  6.03127203110655e26  2.9878641400237372e51  9.7  10.779888682171073  3.2543859510336794  2.4490689672325718e51  11.7  13.123414189912623  2.874172185255532  1.4138458177984955e6  1.8
3.5555555555555602  1.16893654378488e8  0.13357378833349887  8069.91177546185  6.47295109646096e7  0.6  83.5829551451939  6.03127203110655e26  2.986369086694908e51  9.7  10.779888682171073  3.2543859510336794  2.4478435136843508e51  11.7  13.123414189912623  2.874172185255532  1.4137470984302806e6  1.8
3.55705705705706  1.16990845836392e8  0.13355261464087997  8065.15447746049  6.4660123927283e7  0.6  83.5831063733452  6.03127203110655e26  2.984874781453794e51  9.7  10.779888682171073  3.2543859510336794  2.446618673322782e51  11.7  13.123414189912623  2.874172185255532  1.4136484618632153e6  1.8
3.55855855855856  1.17087933109557e8  0.1335314987256002  8060.4121877200105  6.45909175787756e7  0.6  83.583257315707  6.03127203110655e26  2.9833812239260698e51  9.7  10.779888682171073  3.2543859510336794  2.445394445841041e51  11.7  13.123414189912623  2.874172185255532  1.4135499079929418e6  1.8
3.56006006006006  1.1718491646928401e8  0.13351044032893583  8055.68483108468  6.45218911823535e7  0.6  83.583407973372  6.03127203110655e26  2.9818884137375984e51  9.7  10.779888682171073  3.2543859510336794  2.4441708309324576e51  11.7  13.123414189912623  2.874172185255532  1.4134514367152776e6  1.8
3.56156156156157  1.1728179618577401e8  0.13348943919375855  8050.97233290872  6.4453044005333096e7  0.6  83.5835583474268  6.03127203110655e26  2.9803963505144196e51  9.7  10.779888682171073  3.2543859510336794  2.4429478282905078e51  11.7  13.123414189912623  2.874172185255532  1.4133530479262155e6  1.8
3.56306306306307  1.17378572528125e8  0.13346849506452343  8046.27461905192  6.4384375319054e7  0.6  83.5837084389517  6.03127203110655e26  2.9789050338827903e51  9.7  10.779888682171073  3.2543859510336794  2.4417254376088446e51  11.7  13.123414189912623  2.874172185255532  1.4132547415219238e6  1.8
3.56456456456457  1.1747524576434e8  0.13344760768725972  8041.5916158754  6.43158843988509e7  0.6  83.583858249021  6.03127203110655e26  2.9774144634691243e51  9.7  10.779888682171073  3.2543859510336794  2.4405036585812496e51  11.7  13.123414189912623  2.874172185255532  1.4131565173987446e6  1.8
3.56606606606607  1.17571816161335e8  0.13342677680955384  8036.923250237301  6.42475705240265e7  0.6  83.5840077787032  6.03127203110655e26  2.9759246389000336e51  9.7  10.779888682171073  3.2543859510336794  2.439282490901667e51  11.7  13.123414189912623  2.874172185255532  1.4130583754531934e6  1.8
3.56756756756757  1.17668283984945e8  0.1334060021805402  8032.26944948859  6.4179432977824405e7  0.6  83.5841570290604  6.03127203110655e26  2.9744355598023153e51  9.7  10.779888682171073  3.2543859510336794  2.4380619342641932e51  11.7  13.123414189912623  2.874172185255532  1.4129603155819601e6  1.8
3.5690690690690703  1.17764649499926e8  0.13338528355088852  8027.630141468901  6.4111471047402196e7  0.6  83.5843060011491  6.03127203110655e26  2.972947225802954e51  9.7  10.779888682171073  3.2543859510336794  2.4368419883630775e51  11.7  13.123414189912623  2.874172185255532  1.412862337681908e6  1.8
3.57057057057058  1.1786091296996701e8  0.13336462067279153  8023.0052545024  6.4043684023805104e7  0.6  83.58445469602  6.03127203110655e26  2.9714596365291112e51  9.7  10.779888682171073  3.2543859510336794  2.4356226528927143e51  11.7  13.123414189912623  2.874172185255532  1.4127644416500719e6  1.8
3.57207207207208  1.1795707465769099e8  0.13334401329995493  8018.39471739369  6.3976071201938994e7  0.6  83.5846031147178  6.03127203110655e26  2.9699727916081643e51  9.7  10.779888682171073  3.2543859510336794  2.434403927547676e51  11.7  13.123414189912623  2.874172185255532  1.4126666273836617e6  1.8
3.5735735735735803  1.18053134824661e8  0.13332346118758165  8013.7984594237705  6.39086318805447e7  0.6  83.5847512582814  6.03127203110655e26  2.968486690667648e51  9.7  10.779888682171073  3.2543859510336794  2.4331858120226624e51  11.7  13.123414189912623  2.874172185255532  1.4125688947800577e6  1.8
3.57507507507508  1.18149093731388e8  0.1333029640923645  8009.21641034604  6.38413653621716e7  0.6  83.5848991277439  6.03127203110655e26  2.9670013333352923e51  9.7  10.779888682171073  3.2543859510336794  2.4319683060125348e51  11.7  13.123414189912623  2.874172185255532  1.4124712437368121e6  1.8
3.57657657657658  1.1824495163733701e8  0.1332825217724731  8004.64850038231  6.37742709531522e7  0.6  83.5850467241328  6.03127203110655e26  2.9655167192390147e51  9.7  10.779888682171073  3.2543859510336794  2.4307514092123072e51  11.7  13.123414189912623  2.874172185255532  1.4123736741516488e6  1.8
3.57807807807808  1.1834070880093099e8  0.13326213398754191  8000.09466021893  6.37073479635763e7  0.6  83.58519404847  6.03127203110655e26  2.9640328480069174e51  9.7  10.779888682171073  3.2543859510336794  2.4295351213171454e51  11.7  13.123414189912623  2.874172185255532  1.4122761859224634e6  1.8
3.57957957957958  1.1843636547955501e8  0.13324180049865897  7995.55482100285  6.36405957072658e7  0.6  83.5853411017717  6.03127203110655e26  2.96254971926729e51  9.7  10.779888682171073  3.2543859510336794  2.428319442022369e51  11.7  13.123414189912623  2.874172185255532  1.4121787789473212e6  1.8
3.58108108108109  1.18531921929566e8  0.13322152106835553  7991.02891433781  6.357401350174931e7  0.6  83.5854878850484  6.03127203110655e26  2.961067332648598e51  9.7  10.779888682171073  3.2543859510336794  2.427104371023441e51  11.7  13.123414189912623  2.874172185255532  1.4120814531244584e6  1.8
3.58258258258259  1.18627378406295e8  0.1332012954605963  7986.51687228049  6.35076006682375e7  0.6  83.5856343993051  6.03127203110655e26  2.9595856877795218e51  9.7  10.779888682171073  3.2543859510336794  2.4258899080160016e51  11.7  13.123414189912623  2.874172185255532  1.4119842083522822e6  1.8
3.58408408408409  1.1872273516405499e8  0.1331811234407636  7982.0186273368  6.3441356531598106e7  0.6  83.5857806455414  6.03127203110655e26  2.9581047842888986e51  9.7  10.779888682171073  3.2543859510336794  2.4246760526958187e51  11.7  13.123414189912623  2.874172185255532  1.4118870445293682e6  1.8
3.5855855855855903  1.18817992456145e8  0.1331610047756534  7977.53411245811  6.33752804203316e7  0.6  83.5859266247514  6.03127203110655e26  2.9566246218057606e51  9.7  10.779888682171073  3.2543859510336794  2.4234628047588204e51  11.7  13.123414189912623  2.874172185255532  1.4117899615544616e6  1.8
3.58708708708709  1.18913150534854e8  0.13314093923345724  7973.063261037551  6.33093716665464e7  0.6  83.5860723379237  6.03127203110655e26  2.9551451999593268e51  9.7  10.779888682171073  3.2543859510336794  2.4222501639010878e51  11.7  13.123414189912623  2.874172185255532  1.4116929593264766e6  1.8
3.58858858858859  1.1900820965147e8  0.13312092658375854  7968.60600690638  6.3243629605935395e7  0.6  83.5862177860415  6.03127203110655e26  2.953666518379e51  9.7  10.779888682171073  3.2543859510336794  2.4210381298188526e51  11.7  13.123414189912623  2.874172185255532  1.4115960377444965e6  1.8
3.59009009009009  1.1910317005628401e8  0.13310096659751638  7964.16228433033  6.31780535777514e7  0.6  83.5863629700827  6.03127203110655e26  2.95218857669437e51  9.7  10.779888682171073  3.2543859510336794  2.4198267022085004e51  11.7  13.123414189912623  2.874172185255532  1.4114991967077723e6  1.8
3.5915915915916  1.1919803199859302e8  0.13308105904705794  7959.73202800607  6.31126429247836e7  0.6  83.5865078910199  6.03127203110655e26  2.9507113745352006e51  9.7  10.779888682171073  3.2543859510336794  2.4186158807665583e51  11.7  13.123414189912623  2.874172185255532  1.4114024361157226e6  1.8
3.5930930930931  1.19292795726708e8  0.13306120370606916  7955.3151730576  6.30473969933341e7  0.6  83.5866525498205  6.03127203110655e26  2.9492349115314725e51  9.7  10.779888682171073  3.2543859510336794  2.4174056651897317e51  11.7  13.123414189912623  2.874172185255532  1.4113057558679355e6  1.8
3.5945945945946  1.19387461487959e8  0.13304140034957987  7950.911655032751  6.29823151331945e7  0.6  83.5867969474464  6.03127203110655e26  2.9477591873133195e51  9.7  10.779888682171073  3.2543859510336794  2.416196055174852e51  11.7  13.123414189912623  2.874172185255532  1.4112091558641642e6  1.8
3.5960960960961  1.194820295287e8  0.1330216487539592  7946.52140989975  6.2917396697622396e7  0.6  83.5869410848544  6.03127203110655e26  2.9462842015110722e51  9.7  10.779888682171073  3.2543859510336794  2.414987050418912e51  11.7  13.123414189912623  2.874172185255532  1.4111126360043297e6  1.8
3.5975975975976002  1.1957650009431201e8  0.13300194869690143  7942.14437404371  6.2852641043318994e7  0.6  83.5870849629964  6.03127203110655e26  2.9448099537552452e51  9.7  10.779888682171073  3.2543859510336794  2.4137786506190538e51  11.7  13.123414189912623  2.874172185255532  1.4110161961885195e6  1.8
3.5990990990991003  1.19670873429212e8  0.13298229995741845  7937.78048426324  6.2788047530405596e7  0.6  83.5872285828188  6.03127203110655e26  2.9433364436765387e51  9.7  10.779888682171073  3.2543859510336794  2.412570855472573e51  11.7  13.123414189912623  2.874172185255532  1.410919836316987e6  1.8
3.60060060060061  1.1976514977685499e8  0.1329627023158278  7933.429677767081  6.27236155224015e7  0.6  83.587371945263  6.03127203110655e26  2.941863670905828e51  9.7  10.779888682171073  3.2543859510336794  2.4113636646769085e51  11.7  13.123414189912623  2.874172185255532  1.4108235562901509e6  1.8
3.6021021021021102  1.1985932937974201e8  0.13294315555374464  7929.091892170741  6.265934438620131e7  0.6  83.5875150512655  6.03127203110655e26  2.9403916350742007e51  9.7  10.779888682171073  3.2543859510336794  2.410157077929673e51  11.7  13.123414189912623  2.874172185255532  1.4107273560085974e6  1.8
3.6036036036036103  1.19953412479421e8  0.13292365945406995  7924.767065493181  6.2595233492052905e7  0.6  83.5876579017577  6.03127203110655e26  2.9389203358129022e51  9.7  10.779888682171073  3.2543859510336794  2.4089510949286085e51  11.7  13.123414189912623  2.874172185255532  1.4106312353730765e6  1.8
3.60510510510511  1.20047399316496e8  0.13290421380098474  7920.4551361535305  6.253128221353491e7  0.6  83.5878004976658  6.03127203110655e26  2.9374497727533702e51  9.7  10.779888682171073  3.2543859510336794  2.407745715371615e51  11.7  13.123414189912623  2.874172185255532  1.4105351942845026e6  1.8
3.60660660660661  1.2014129013063e8  0.13288481838017185  7916.156043067051  6.24674897980843e7  0.6  83.587942839416  6.03127203110655e26  2.935979945527227e51  9.7  10.779888682171073  3.2543859510336794  2.4065409389567437e51  11.7  13.123414189912623  2.874172185255532  1.410439232643955e6  1.8
3.60810810810811  1.20235085160357e8  0.13286547297794005  7911.8697252618595  6.2403855884583004e7  0.6  83.588084928917  6.03127203110655e26  2.9345108537662807e51  9.7  10.779888682171073  3.2543859510336794  2.4053367653821977e51  11.7  13.123414189912623  2.874172185255532  1.4103433503526773e6  1.8
3.60960960960961  1.2032878464366701e8  0.13284617738243684  7907.596122427431  6.23403797269387e7  0.6  83.5882267665849  6.03127203110655e26  2.9330424971025226e51  9.7  10.779888682171073  3.2543859510336794  2.4041331943463303e51  11.7  13.123414189912623  2.874172185255532  1.410247547312077e6  1.8
3.61111111111112  1.20422388817431e8  0.13282693138285906  7903.3351745522605  6.2277060711804695e7  0.6  83.5883683533269  6.03127203110655e26  2.9315748751681187e51  9.7  10.779888682171073  3.2543859510336794  2.4029302255476382e51  11.7  13.123414189912623  2.874172185255532  1.4101518234237237e6  1.8
3.61261261261262  1.20515897917599e8  0.1328077347696367  7899.08682200915  6.22138982290549e7  0.6  83.5885096900449  6.03127203110655e26  2.930107987595447e51  9.7  10.779888682171073  3.2543859510336794  2.4017278586847928e51  11.7  13.123414189912623  2.874172185255532  1.410056178589353e6  1.8
3.61411411411412  1.20609312179204e8  0.13278858733442134  7894.85100555213  6.21508916717632e7  0.6  83.5886507776364  6.03127203110655e26  2.9286418340170426e51  9.7  10.779888682171073  3.2543859510336794  2.4005260934565926e51  11.7  13.123414189912623  2.874172185255532  1.4099606127108606e6  1.8
3.6156156156156203  1.2070263183636901e8  0.1327694888700753  7890.62766631335  6.208804043618219e7  0.6  83.5887916169938  6.03127203110655e26  2.9271764140656316e51  9.7  10.779888682171073  3.2543859510336794  2.3993249295619935e51  11.7  13.123414189912623  2.874172185255532  1.4098651256903058e6  1.8
3.61711711711712  1.20795857122309e8  0.13275043917066753  7886.41674580009  6.2025343921722494e7  0.6  83.5889322090051  6.03127203110655e26  2.925711727374127e51  9.7  10.779888682171073  3.2543859510336794  2.3981243667001043e51  11.7  13.123414189912623  2.874172185255532  1.4097697174299092e6  1.8
3.61861861861862  1.20888988269339e8  0.13273143803145893  7882.21818589173  6.1962801530931905e7  0.6  83.5890725545536  6.03127203110655e26  2.9242477735756223e51  9.7  10.779888682171073  3.2543859510336794  2.3969244045701824e51  11.7  13.123414189912623  2.874172185255532  1.4096743878320542e6  1.8
3.62012012012012  1.20982025508875e8  0.13271248524889773  7878.031928836811  6.1900412669475004e7  0.6  83.5892126545176  6.03127203110655e26  2.922784552303396e51  9.7  10.779888682171073  3.2543859510336794  2.3957250428716363e51  11.7  13.123414189912623  2.874172185255532  1.409579136799285e6  1.8
3.62162162162163  1.2107496907144201e8  0.1326935806206104  7873.8579172500295  6.18381767461129e7  0.6  83.5893525097713  6.03127203110655e26  2.9213220631909006e51  9.7  10.779888682171073  3.2543859510336794  2.394526281304017e51  11.7  13.123414189912623  2.874172185255532  1.409483964234306e6  1.8
3.62312312312313  1.21167819186676e8  0.13267472394539  7869.69609410936  6.1776093172683105e7  0.6  83.5894921211839  6.03127203110655e26  2.919860305871801e51  9.7  10.779888682171073  3.2543859510336794  2.3933281195670505e51  11.7  13.123414189912623  2.874172185255532  1.409388870039985e6  1.8
3.62462462462463  1.21260576083332e8  0.13265591502319118  7865.54640275318  6.1714161364078894e7  0.6  83.5896314896202  6.03127203110655e26  2.918399279979916e51  9.7  10.779888682171073  3.2543859510336794  2.3921305573605872e51  11.7  13.123414189912623  2.874172185255532  1.4092938541193483e6  1.8
3.62612612612613  1.2135323998928401e8  0.1326371536551201  7861.40878687736  6.1652380738230504e7  0.6  83.5897706159407  6.03127203110655e26  2.9169389851492577e51  9.7  10.779888682171073  3.2543859510336794  2.390933594384638e51  11.7  13.123414189912623  2.874172185255532  1.409198916375582e6  1.8
3.6276276276276302  1.2144581113153401e8  0.13261843964342448  7857.28319053247  6.1590750716084406e7  0.6  83.589909501001  6.03127203110655e26  2.9154794210140213e51  9.7  10.779888682171073  3.2543859510336794  2.389737230339362e51  11.7  13.123414189912623  2.874172185255532  1.409104056712033e6  1.8
3.62912912912913  1.21538289736212e8  0.13259977279148927  7853.16955812094  6.1529270721584305e7  0.6  83.5900481456524  6.03127203110655e26  2.9140205872085847e51  9.7  10.779888682171073  3.2543859510336794  2.3885414649250698e51  11.7  13.123414189912623  2.874172185255532  1.4090092750322067e6  1.8
3.63063063063064  1.21630676028587e8  0.13258115290382413  7849.067834394301  6.146794018165159e7  0.6  83.5901865507421  6.03127203110655e26  2.9125624833674986e51  9.7  10.779888682171073  3.2543859510336794  2.3873462978422122e51  11.7  13.123414189912623  2.874172185255532  1.4089145712397678e6  1.8
3.6321321321321403  1.2172297023306401e8  0.13256257978605784  7844.97796445042  6.14067585261661e7  0.6  83.5903247171123  6.03127203110655e26  2.911105109125527e51  9.7  10.779888682171073  3.2543859510336794  2.386151728791416e51  11.7  13.123414189912623  2.874172185255532  1.4088199452385416e6  1.8
3.63363363363364  1.21815172573193e8  0.13254405324492832  7840.89989373077  6.13457251879468e7  0.6  83.5904626456014  6.03127203110655e26  2.9096484641175873e51  9.7  10.779888682171073  3.2543859510336794  2.3849577574734323e51  11.7  13.123414189912623  2.874172185255532  1.4087253969325093e6  1.8
3.63513513513514  1.2190728327167399e8  0.13252557308827814  7836.83356801773  6.12848396027333e7  0.6  83.590600337043  6.03127203110655e26  2.908192547978788e51  9.7  10.779888682171073  3.2543859510336794  2.3837643835891707e51  11.7  13.123414189912623  2.874172185255532  1.4086309262258112e6  1.8
3.63663663663664  1.21999302550357e8  0.13250713912504158  7832.7789334319195  6.1224101209166296e7  0.6  83.5907377922668  6.03127203110655e26  2.906737360344421e51  9.7  10.779888682171073  3.2543859510336794  2.3825716068396894e51  11.7  13.123414189912623  2.874172185255532  1.4085365330227457e6  1.8
3.63813813813814  1.2209123063024999e8  0.13248875116524025  7828.73593642951  6.116350944876981e7  0.6  83.590875012098  6.03127203110655e26  2.9052829008499607e51  9.7  10.779888682171073  3.2543859510336794  2.3813794269261973e51  11.7  13.123414189912623  2.874172185255532  1.4084422172277686e6  1.8
3.63963963963964  1.22183067731525e8  0.13247040901997412  7824.70452379962  6.11030637659317e7  0.6  83.5910119973574  6.03127203110655e26  2.9038291691310643e51  9.7  10.779888682171073  3.2543859510336794  2.380187843550053e51  11.7  13.123414189912623  2.874172185255532  1.4083479787454924e6  1.8
3.64114114114115  1.2227481407351601e8  0.13245211250141378  7820.68464266175  6.10427636078861e7  0.6  83.591148748862  6.03127203110655e26  2.9023761648235613e51  9.7  10.779888682171073  3.2543859510336794  2.3789968564127554e51  11.7  13.123414189912623  2.874172185255532  1.4082538174806864e6  1.8
3.64264264264265  1.2236646987472901e8  0.13243386142279198  7816.67624046312  6.0982608424694605e7  0.6  83.5912852674242  6.03127203110655e26  2.900923887563492e51  9.7  10.779888682171073  3.2543859510336794  2.3778064652159773e51  11.7  13.123414189912623  2.874172185255532  1.4081597333382776e6  1.8
3.64414414414415  1.22458035352844e8  0.13241565559839885  7812.6792649762  6.09225976692284e7  0.6  83.5914215538525  6.03127203110655e26  2.8994723369870502e51  9.7  10.779888682171073  3.2543859510336794  2.3766166696615166e51  11.7  13.123414189912623  2.874172185255532  1.408065726223348e6  1.8
3.6456456456456503  1.22549510724719e8  0.1323974948435699  7808.693664296121  6.0862730797150195e7  0.6  83.5915576089511  6.03127203110655e26  2.8980215127306214e51  9.7  10.779888682171073  3.2543859510336794  2.3754274694513293e51  11.7  13.123414189912623  2.874172185255532  1.4079717960411354e6  1.8
3.64714714714715  1.22640896206397e8  0.1323793789746825  7804.71938683819  6.08030072668965e7  0.6  83.5916934335201  6.03127203110655e26  2.8965714144307736e51  9.7  10.779888682171073  3.2543859510336794  2.3742388642875197e51  11.7  13.123414189912623  2.874172185255532  1.407877942697034e6  1.8
3.64864864864865  1.22732192013104e8  0.1323613078091462  7800.75638133543  6.0743426539659895e7  0.6  83.5918290283557  6.03127203110655e26  2.8951220417242554e51  9.7  10.779888682171073  3.2543859510336794  2.3730508538723407e51  11.7  13.123414189912623  2.874172185255532  1.4077841660965926e6  1.8
3.65015015015015  1.2282339835926001e8  0.1323432811653955  7796.80459683606  6.068398807937139e7  0.6  83.5919643942499  6.03127203110655e26  2.8936733942479975e51  9.7  10.779888682171073  3.2543859510336794  2.3718634379081948e51  11.7  13.123414189912623  2.874172185255532  1.407690466145515e6  1.8
3.65165165165166  1.22914515458478e8  0.1323252988628841  7792.86398270113  6.0624691352683e7  0.6  83.5920995319906  6.03127203110655e26  2.892225471639104e51  9.7  10.779888682171073  3.2543859510336794  2.3706766160976264e51  11.7  13.123414189912623  2.874172185255532  1.407596842749659e6  1.8
3.65315315315316  1.2300554352357198e8  0.13230736072207558  7788.93448860205  6.05655358289505e7  0.6  83.5922344423619  6.03127203110655e26  2.8907782735348878e51  9.7  10.779888682171073  3.2543859510336794  2.369490388143351e51  11.7  13.123414189912623  2.874172185255532  1.4075032958150385e6  1.8
3.65465465465466  1.2309648276655799e8  0.13228946656443719  7785.01606451823  6.0506520980216205e7  0.6  83.5923691261437  6.03127203110655e26  2.8893317995728153e51  9.7  10.779888682171073  3.2543859510336794  2.3683047537482095e51  11.7  13.123414189912623  2.874172185255532  1.4074098252478198e6  1.8
3.65615615615616  1.2318733339866099e8  0.13227161621243355  7781.108660734711  6.0447646281192e7  0.6  83.5925035841122  6.03127203110655e26  2.8878860493905434e51  9.7  10.779888682171073  3.2543859510336794  2.3671197126152e51  11.7  13.123414189912623  2.874172185255532  1.407316430954323e6  1.8
3.6576576576576603  1.2327809563031399e8  0.13225380948951787  7777.21222783976  6.0388911209242396e7  0.6  83.5926378170394  6.03127203110655e26  2.886441022625911e51  9.7  10.779888682171073  3.2543859510336794  2.3659352644474684e51  11.7  13.123414189912623  2.874172185255532  1.4072231128410215e6  1.8
3.65915915915916  1.23368769671169e8  0.13223604622012652  7773.32671672265  6.03303152443677e7  0.6  83.5927718256937  6.03127203110655e26  2.884996718916938e51  9.7  10.779888682171073  3.2543859510336794  2.36475140894831e51  11.7  13.123414189912623  2.874172185255532  1.4071298708145425e6  1.8
3.66066066066067  1.2345935573009399e8  0.13221832622967136  7769.45207857126  6.027185786918741e7  0.6  83.5929056108395  6.03127203110655e26  2.8835531379018143e51  9.7  10.779888682171073  3.2543859510336794  2.3635681458211595e51  11.7  13.123414189912623  2.874172185255532  1.4070367047816643e6  1.8
3.6621621621621703  1.23549854015183e8  0.13220064934453166  7765.58826486984  6.0213538568923496e7  0.6  83.5930391732372  6.03127203110655e26  2.8821102792189424e51  9.7  10.779888682171073  3.2543859510336794  2.362385474769625e51  11.7  13.123414189912623  2.874172185255532  1.4069436146493203e6  1.8
3.66366366366367  1.23640264733755e8  0.1321830153920504  7761.735227396731  6.0155356831384495e7  0.6  83.5931725136436  6.03127203110655e26  2.8806681425068752e51  9.7  10.779888682171073  3.2543859510336794  2.361203395497439e51  11.7  13.123414189912623  2.874172185255532  1.4068506003245935e6  1.8
3.66516516516517  1.2373058809236099e8  0.13216542420052368  7757.89291822211  6.0097312146948695e7  0.6  83.5933056328116  6.03127203110655e26  2.8792267274043557e51  9.7  10.779888682171073  3.2543859510336794  2.3600219077084887e51  11.7  13.123414189912623  2.874172185255532  1.4067576617147191e6  1.8
3.66666666666667  1.2382082429678601e8  0.13214787559919744  7754.06128970583  6.00394040085481e7  0.6  83.5934385314904  6.03127203110655e26  2.877786033550309e51  9.7  10.779888682171073  3.2543859510336794  2.358841011106811e51  11.7  13.123414189912623  2.874172185255532  1.4066647987270846e6  1.8
3.66816816816817  1.23910973552054e8  0.13213036941825837  7750.24029449514  5.99816319116526e7  0.6  83.5935712104255  6.03127203110655e26  2.8763460605838396e51  9.7  10.779888682171073  3.2543859510336794  2.35766070539659e51  11.7  13.123414189912623  2.874172185255532  1.4065720112692278e6  1.8
3.6696696696696702  1.24001036062432e8  0.13211290548882926  7746.42988552254  5.99239953542538e7  0.6  83.5937036703585  6.03127203110655e26  2.874906808144234e51  9.7  10.779888682171073  3.2543859510336794  2.3564809902821592e51  11.7  13.123414189912623  2.874172185255532  1.4064792992488383e6  1.8
3.67117117117118  1.24091012031432e8  0.13209548364296048  7742.63001600366  5.9866493836849496e7  0.6  83.5938359120273  6.03127203110655e26  2.873468275870948e51  9.7  10.779888682171073  3.2543859510336794  2.3553018654679903e51  11.7  13.123414189912623  2.874172185255532  1.4063866625737546e6  1.8
3.67267267267268  1.2418090166181801e8  0.1320781037136242  7738.8406394350295  5.980912686242761e7  0.6  83.5939679361665  6.03127203110655e26  2.8720304634036483e51  9.7  10.779888682171073  3.2543859510336794  2.354123330658728e51  11.7  13.123414189912623  2.874172185255532  1.4062941011519677e6  1.8
3.6741741741741802  1.24270705155605e8  0.13206076553470947  7735.061709592031  5.97518939364508e7  0.6  83.5940997435065  6.03127203110655e26  2.870593370382151e51  9.7  10.779888682171073  3.2543859510336794  2.3529453855591404e51  11.7  13.123414189912623  2.874172185255532  1.4062016148916166e6  1.8
3.6756756756756803  1.24360422714068e8  0.13204346894101418  7731.29318052678  5.96947945668413e7  0.6  83.5942313347746  6.03127203110655e26  2.8691569964464634e51  9.7  10.779888682171073  3.2543859510336794  2.3517680298741505e51  11.7  13.123414189912623  2.874172185255532  1.4061092037009909e6  1.8
3.67717717717718  1.24450054537742e8  0.13202621376823806  7727.53500656601  5.9637828263965e7  0.6  83.5943627106942  6.03127203110655e26  2.8677213412367744e51  9.7  10.779888682171073  3.2543859510336794  2.3505912633088317e51  11.7  13.123414189912623  2.874172185255532  1.406016867488529e6  1.8
3.67867867867868  1.24539600826427e8  0.13200899985297837  7723.78714230906  5.95809945406168e7  0.6  83.5944938719851  6.03127203110655e26  2.8662864043934495e51  9.7  10.779888682171073  3.2543859510336794  2.3494150855684015e51  11.7  13.123414189912623  2.874172185255532  1.4059246061628186e6  1.8
3.68018018018018  1.24629061779191e8  0.13199182703272366  7720.04954262579  5.95242929120051e7  0.6  83.5946248193638  6.03127203110655e26  2.8648521855570364e51  9.7  10.779888682171073  3.2543859510336794  2.3482394963582268e51  11.7  13.123414189912623  2.874172185255532  1.405832419632596e6  1.8
3.68168168168169  1.2471843759437399e8  0.13197469514584567  7716.32216265457  5.946772289573679e7  0.6  83.594755553543  6.03127203110655e26  2.8634186843682525e51  9.7  10.779888682171073  3.2543859510336794  2.3470644953838137e51  11.7  13.123414189912623  2.874172185255532  1.405740307806745e6  1.8
3.68318318318319  1.24807728469593e8  0.13195760403159368  7712.604957800249  5.9411284011802904e7  0.6  83.5948860752319  6.03127203110655e26  2.8619859004680245e51  9.7  10.779888682171073  3.2543859510336794  2.3458900823508398e51  11.7  13.123414189912623  2.874172185255532  1.4056482705943e6  1.8
3.68468468468469  1.24896934601742e8  0.13194055353009143  7708.89788373221  5.9354975782563e7  0.6  83.5950163851366  6.03127203110655e26  2.8605538334974282e51  9.7  10.779888682171073  3.2543859510336794  2.3447162569651055e51  11.7  13.123414189912623  2.874172185255532  1.4055563079044407e6  1.8
3.68618618618619  1.2498605618700202e8  0.1319235434823258  7705.20089638236  5.92987977327312e7  0.6  83.5951464839592  6.03127203110655e26  2.8591224830977305e51  9.7  10.779888682171073  3.2543859510336794  2.3435430189325664e51  11.7  13.123414189912623  2.874172185255532  1.4054644196464953e6  1.8
3.6876876876876903  1.25075093420834e8  0.13190657373014633  7701.5139519431705  5.92427493893613e7  0.6  83.5952763723987  6.03127203110655e26  2.8576918489103776e51  9.7  10.779888682171073  3.2543859510336794  2.3423703679593263e51  11.7  13.123414189912623  2.874172185255532  1.4053726057299392e6  1.8
3.68918918918919  1.2516404649799599e8  0.1318896441162557  7697.83700686577  5.9186830281832196e7  0.6  83.5954060511507  6.03127203110655e26  2.856261930576994e51  9.7  10.779888682171073  3.2543859510336794  2.3411983037516346e51  11.7  13.123414189912623  2.874172185255532  1.4052808660643946e6  1.8
3.6906906906907  1.2525291561253299e8  0.13187275448420488  7694.17001785801  5.9131039941833995e7  0.6  83.5955355209072  6.03127203110655e26  2.8548327277393736e51  9.7  10.779888682171073  3.2543859510336794  2.3400268260158802e51  11.7  13.123414189912623  2.874172185255532  1.4051892005596294e6  1.8
3.6921921921922003  1.25341700957791e8  0.131855904678388  7690.51294188255  5.90753779033532e7  0.6  83.5956647823569  6.03127203110655e26  2.85340424003952e51  9.7  10.779888682171073  3.2543859510336794  2.3388559344586234e51  11.7  13.123414189912623  2.874172185255532  1.40509760912556e6  1.8
3.6936936936937  1.2543040272641501e8  0.13183909454403497  7686.86573615499  5.9019843702658996e7  0.6  83.5957938361853  6.03127203110655e26  2.851976467119587e51  9.7  10.779888682171073  3.2543859510336794  2.337685628786547e51  11.7  13.123414189912623  2.874172185255532  1.4050060916722468e6  1.8
3.6951951951952  1.25519021110353e8  0.13182232392720836  7683.228358142  5.8964436878289096e7  0.6  83.5959226830743  6.03127203110655e26  2.850549408621916e51  9.7  10.779888682171073  3.2543859510336794  2.3365159087064888e51  11.7  13.123414189912623  2.874172185255532  1.4049146481098968e6  1.8
3.6966966966967  1.2560755630086099e8  0.1318055926747951  7679.60076555943  5.890915697103559e7  0.6  83.5960513237027  6.03127203110655e26  2.849123064189027e51  9.7  10.779888682171073  3.2543859510336794  2.335346773925432e51  11.7  13.123414189912623  2.874172185255532  1.404823278348862e6  1.8
3.6981981981982  1.25696008488505e8  0.13178890063450177  7675.98291637054  5.885400352393161e7  0.6  83.596179758746  6.03127203110655e26  2.84769743346362e51  9.7  10.779888682171073  3.2543859510336794  2.3341782241505085e51  11.7  13.123414189912623  2.874172185255532  1.4047319822996398e6  1.8
3.6996996996997003  1.2578437786316499e8  0.13177224765484943  7672.3747687841305  5.879897608223671e7  0.6  83.5963079888764  6.03127203110655e26  2.8462725160885735e51  9.7  10.779888682171073  3.2543859510336794  2.333010259088995e51  11.7  13.123414189912623  2.874172185255532  1.4046407598728724e6  1.8
3.70120120120121  1.25872664614039e8  0.13175563358516926  7668.776281252761  5.87440741934245e7  0.6  83.5964360147627  6.03127203110655e26  2.8448483117069357e51  9.7  10.779888682171073  3.2543859510336794  2.3318428784483082e51  11.7  13.123414189912623  2.874172185255532  1.4045496109793459e6  1.8
3.70270270270271  1.25960868929645e8  0.13173905827559323  7665.18741247095  5.8689297407167904e7  0.6  83.5965638370707  6.03127203110655e26  2.8434248199619608e51  9.7  10.779888682171073  3.2543859510336794  2.3306760819360337e51  11.7  13.123414189912623  2.874172185255532  1.4044585355299918e6  1.8
3.7042042042042103  1.26048990997824e8  0.1317225215770529  7661.6081213734005  5.86346452753264e7  0.6  83.596691456463  6.03127203110655e26  2.8420020404970535e51  9.7  10.779888682171073  3.2543859510336794  2.3295098692598802e51  11.7  13.123414189912623  2.874172185255532  1.4043675334358853e6  1.8
3.70570570570571  1.2613703100574501e8  0.13170602334127118  7658.038367133289  5.8580117351932496e7  0.6  83.5968188735987  6.03127203110655e26  2.8405799729558067e51  9.7  10.779888682171073  3.2543859510336794  2.3283442401277107e51  11.7  13.123414189912623  2.874172185255532  1.4042766046082445e6  1.8
3.70720720720721  1.2622498913990699e8  0.1316895634207593  7654.47810916044  5.8525713193178505e7  0.6  83.5969460891341  6.03127203110655e26  2.8391586169819907e51  9.7  10.779888682171073  3.2543859510336794  2.3271791942475336e51  11.7  13.123414189912623  2.874172185255532  1.4041857489584312e6  1.8
3.70870870870871  1.2631286558614302e8  0.13167314166880936  7650.92730709969  5.8471432357403405e7  0.6  83.5970731037222  6.03127203110655e26  2.837737972219556e51  9.7  10.779888682171073  3.2543859510336794  2.326014731327505e51  11.7  13.123414189912623  2.874172185255532  1.4040949663979504e6  1.8
3.71021021021021  1.26400660529623e8  0.13165675793948986  7647.38592082911  5.84172744050796e7  0.6  83.5971999180129  6.03127203110655e26  2.836318038312629e51  9.7  10.779888682171073  3.2543859510336794  2.3248508510759257e51  11.7  13.123414189912623  2.874172185255532  1.40400425683845e6  1.8
3.71171171171172  1.2648837415485601e8  0.13164041208764074  7643.85391045836  5.8363238898800395e7  0.6  83.5973265326529  6.03127203110655e26  2.834898814905506e51  9.7  10.779888682171073  3.2543859510336794  2.3236875532012345e51  11.7  13.123414189912623  2.874172185255532  1.4039136201917194e6  1.8
3.71321321321322  1.26576006645695e8  0.13162410396886903  7640.331236326981  5.8309325403266706e7  0.6  83.5974529482859  6.03127203110655e26  2.8334803016426897e51  9.7  10.779888682171073  3.2543859510336794  2.322524837412041e51  11.7  13.123414189912623  2.874172185255532  1.4038230563696923e6  1.8
3.71471471471472  1.26663558185339e8  0.13160783343954136  7636.81785900272  5.8255533485274404e7  0.6  83.5975791655525  6.03127203110655e26  2.8320624981688312e51  9.7  10.779888682171073  3.2543859510336794  2.3213627034170747e51  11.7  13.123414189912623  2.874172185255532  1.4037325652844429e6  1.8
3.7162162162162202  1.2675102895633799e8  0.13159160035678083  7633.31373927993  5.82018627137018e7  0.6  83.5977051850904  6.03127203110655e26  2.8306454041287704e51  9.7  10.779888682171073  3.2543859510336794  2.320201150925222e51  11.7  13.123414189912623  2.874172185255532  1.4036421468481866e6  1.8
3.7177177177177203  1.26838419140593e8  0.1315754045784614  7629.81883817786  5.8148312659496695e7  0.6  83.5978310075341  6.03127203110655e26  2.8292290191675243e51  9.7  10.779888682171073  3.2543859510336794  2.319040179645512e51  11.7  13.123414189912623  2.874172185255532  1.4035518009732813e6  1.8
3.71921921921922  1.26925728919361e8  0.13155924596320284  7626.3331169391  5.80948828956643e7  0.6  83.597956633515  6.03127203110655e26  2.8278133429302872e51  9.7  10.779888682171073  3.2543859510336794  2.3178797892871207e51  11.7  13.123414189912623  2.874172185255532  1.4034615275722253e6  1.8
3.7207207207207302  1.27012958473258e8  0.13154312437036655  7622.85653702794  5.8041572997254595e7  0.6  83.5980820636618  6.03127203110655e26  2.8263983750624206e51  9.7  10.779888682171073  3.2543859510336794  2.3167199795593614e51  11.7  13.123414189912623  2.874172185255532  1.403371326557657e6  1.8
3.7222222222222303  1.27100107982263e8  0.13152703966004897  7619.38906012879  5.798838254134999e7  0.6  83.5982072986  6.03127203110655e26  2.824984115209494e51  9.7  10.779888682171073  3.2543859510336794  2.3155607501717166e51  11.7  13.123414189912623  2.874172185255532  1.4032811978423577e6  1.8
3.72372372372373  1.27187177625719e8  0.13151099169307762  7615.93064814457  5.7935311107053004e7  0.6  83.5983323389522  6.03127203110655e26  2.8235705630172255e51  9.7  10.779888682171073  3.2543859510336794  2.3144021008337916e51  11.7  13.123414189912623  2.874172185255532  1.4031911413392464e6  1.8
3.72522522522523  1.27274167582336e8  0.131494980331007  7612.481263195181  5.78823582754745e7  0.6  83.5984571853382  6.03127203110655e26  2.8221577181315178e51  9.7  10.779888682171073  3.2543859510336794  2.3132440312553427e51  11.7  13.123414189912623  2.874172185255532  1.4031011569613835e6  1.8
3.72672672672673  1.27361078030197e8  0.13147900543611266  7609.04086761595  5.7829523629721195e7  0.6  83.5985818383746  6.03127203110655e26  2.8207455801984526e51  9.7  10.779888682171073  3.2543859510336794  2.312086541146273e51  11.7  13.123414189912623  2.874172185255532  1.4030112446219681e6  1.8
3.72822822822823  1.27447909146758e8  0.13146306687138587  7605.60942395607  5.777680675488371e7  0.6  83.5987062986754  6.03127203110655e26  2.819334148864288e51  9.7  10.779888682171073  3.2543859510336794  2.31092963021663e51  11.7  13.123414189912623  2.874172185255532  1.4029214042343395e6  1.8
3.7297297297297303  1.27534661108852e8  0.1314471645005321  7602.186894977061  5.7724207238024995e7  0.6  83.5988305668515  6.03127203110655e26  2.8179234237754605e51  9.7  10.779888682171073  3.2543859510336794  2.3097732981766072e51  11.7  13.123414189912623  2.874172185255532  1.4028316357119752e6  1.8
3.73123123123124  1.27621334092693e8  0.13143129818796198  7598.773243651321  5.76717246681683e7  0.6  83.598954643511  6.03127203110655e26  2.8165134045785717e51  9.7  10.779888682171073  3.2543859510336794  2.3086175447365343e51  11.7  13.123414189912623  2.874172185255532  1.4027419389684922e6  1.8
3.73273273273274  1.27707928273877e8  0.13141546779878965  7595.36843316056  5.76193586362854e7  0.6  83.5990785292592  6.03127203110655e26  2.8151040909204306e51  9.7  10.779888682171073  3.2543859510336794  2.3074623696069104e51  11.7  13.123414189912623  2.874172185255532  1.4026523139176467e6  1.8
3.7342342342342403  1.27794443827385e8  0.13139967319882762  7591.97242689436  5.7567108735285e7  0.6  83.5992022246986  6.03127203110655e26  2.8136954824479927e51  9.7  10.779888682171073  3.2543859510336794  2.306307772498355e51  11.7  13.123414189912623  2.874172185255532  1.4025627604733317e6  1.8
3.73573573573574  1.27880880927588e8  0.13138391425458062  7588.58518844864  5.75149745600014e7  0.6  83.5993257304288  6.03127203110655e26  2.8122875788084017e51  9.7  10.779888682171073  3.2543859510336794  2.305153753121641e51  11.7  13.123414189912623  2.874172185255532  1.402473278549579e6  1.8
3.73723723723724  1.27967239748249e8  0.13136819083324366  7585.20668162429  5.74629557071824e7  0.6  83.5994490470465  6.03127203110655e26  2.810880379648975e51  9.7  10.779888682171073  3.2543859510336794  2.3040003111876845e51  11.7  13.123414189912623  2.874172185255532  1.4023838680605576e6  1.8
3.73873873873874  1.2805352046252401e8  0.1313525028026952  7581.836870425631  5.7411051775478594e7  0.6  83.599572175146  6.03127203110655e26  2.8094738846172095e51  9.7  10.779888682171073  3.2543859510336794  2.302847446407549e51  11.7  13.123414189912623  2.874172185255532  1.4022945289205748e6  1.8
3.74024024024024  1.28139723242967e8  0.13133685003149403  7578.47571905903  5.7359262365431696e7  0.6  83.5996951153184  6.03127203110655e26  2.8080680933607766e51  9.7  10.779888682171073  3.2543859510336794  2.3016951584924398e51  11.7  13.123414189912623  2.874172185255532  1.4022052610440743e6  1.8
3.74174174174175  1.28225848261534e8  0.1313212323888737  7575.1231919314705  5.73075870794632e7  0.6  83.5998178681523  6.03127203110655e26  2.806663005527515e51  9.7  10.779888682171073  3.2543859510336794  2.300543447153701e51  11.7  13.123414189912623  2.874172185255532  1.4021160643456364e6  1.8
3.74324324324325  1.28311895689581e8  0.1313056497447405  7571.77925364911  5.725602552186369e7  0.6  83.5999404342336  6.03127203110655e26  2.8052586207654686e51  9.7  10.779888682171073  3.2543859510336794  2.299392312102843e51  11.7  13.123414189912623  2.874172185255532  1.4020269387399796e6  1.8
3.74474474474475  1.2839786569787201e8  0.1312901019696661  7568.44386901594  5.720457729878099e7  0.6  83.6000628141453  6.03127203110655e26  2.8038549387228277e51  9.7  10.779888682171073  3.2543859510336794  2.2982417530514982e51  11.7  13.123414189912623  2.874172185255532  1.4019378841419572e6  1.8
3.7462462462462502  1.2848375845657898e8  0.13127458893488442  7565.11700303234  5.71532420182099e7  0.6  83.6001850084679  6.03127203110655e26  2.8024519590479694e51  9.7  10.779888682171073  3.2543859510336794  2.2970917697114503e51  11.7  13.123414189912623  2.874172185255532  1.401848900466559e6  1.8
3.74774774774775  1.28569574135285e8  0.13125911051228908  7561.79862089373  5.71020192899807e7  0.6  83.6003070177791  6.03127203110655e26  2.801049681389447e51  9.7  10.779888682171073  3.2543859510336794  2.295942361794629e51  11.7  13.123414189912623  2.874172185255532  1.4017599876289107e6  1.8
3.74924924924925  1.28655312902988e8  0.13124366657442535  7558.488687989201  5.70509087257486e7  0.6  83.6004288426541  6.03127203110655e26  2.7996481053959872e51  9.7  10.779888682171073  3.2543859510336794  2.2947935290131044e51  11.7  13.123414189912623  2.874172185255532  1.401671145544273e6  1.8
3.7507507507507603  1.2874097492810199e8  0.13122825699448945  7555.18716990018  5.69999099389831e7  0.6  83.6005504836652  6.03127203110655e26  2.7982472307164853e51  9.7  10.779888682171073  3.2543859510336794  2.2936452710790864e51  11.7  13.123414189912623  2.874172185255532  1.4015823741280425e6  1.8
3.75225225225226  1.2882656037846e8  0.1312128816463236  7551.89403239904  5.69490225449567e7  0.6  83.6006719413823  6.03127203110655e26  2.796847057000041e51  9.7  10.779888682171073  3.2543859510336794  2.292497587704952e51  11.7  13.123414189912623  2.874172185255532  1.4014936732957512e6  1.8
3.75375375375376  1.2891206942132099e8  0.13119754040441106  7548.60924144785  5.68982461607348e7  0.6  83.6007932163725  6.03127203110655e26  2.7954475838958986e51  9.7  10.779888682171073  3.2543859510336794  2.291350478603196e51  11.7  13.123414189912623  2.874172185255532  1.4014050429630647e6  1.8
3.75525525525526  1.2899750222336401e8  0.13118223314300037  7545.3327628586  5.68475808033093e7  0.6  83.6009143108937  6.03127203110655e26  2.7940488110534908e51  9.7  10.779888682171073  3.2543859510336794  2.2902039434864682e51  11.7  13.123414189912623  2.874172185255532  1.4013164830457838e6  1.8
3.75675675675676  1.29082858951297e8  0.13116695973930292  7542.06456358518  5.67970252973367e7  0.6  83.6010352221224  6.03127203110655e26  2.792650738122423e51  9.7  10.779888682171073  3.2543859510336794  2.2890579820675598e51  11.7  13.123414189912623  2.874172185255532  1.4012279934598426e6  1.8
3.75825825825826  1.2916813977006102e8  0.131151720068961  7538.80460984003  5.6746579663605e7  0.6  83.6011559523104  6.03127203110655e26  2.7912533647524764e51  9.7  10.779888682171073  3.2543859510336794  2.287912594059407e51  11.7  13.123414189912623  2.874172185255532  1.4011395741213104e6  1.8
3.7597597597597603  1.2925334484463198e8  0.1311365140089688  7535.55286832816  5.669624352628829e7  0.6  83.6012765020146  6.03127203110655e26  2.789856690593609e51  9.7  10.779888682171073  3.2543859510336794  2.2867677791750896e51  11.7  13.123414189912623  2.874172185255532  1.401051224946389e6  1.8
3.76126126126127  1.29338474339416e8  0.13112134143694218  7532.30930593762  5.6646016511303306e7  0.6  83.6013968717894  6.03127203110655e26  2.788460715295943e51  9.7  10.779888682171073  3.2543859510336794  2.285623537127822e51  11.7  13.123414189912623  2.874172185255532  1.4009629458514135e6  1.8
3.76276276276277  1.29423528418262e8  0.13110620223111363  7529.07388973823  5.65958982462991e7  0.6  83.6015170621866  6.03127203110655e26  2.7870654385098042e51  9.7  10.779888682171073  3.2543859510336794  2.2844798676309873e51  11.7  13.123414189912623  2.874172185255532  1.400874736752854e6  1.8
3.7642642642642703  1.29508507244457e8  0.13109109627032609  7525.84658698034  5.65458883606471e7  0.6  83.6016370737557  6.03127203110655e26  2.7856708598856654e51  9.7  10.779888682171073  3.2543859510336794  2.2833367703980863e51  11.7  13.123414189912623  2.874172185255532  1.4007865975673115e6  1.8
3.76576576576577  1.2959341098073399e8  0.13107602343403416  7522.62736509356  5.64959864854314e7  0.6  83.6017569070433  6.03127203110655e26  2.784276979074184e51  9.7  10.779888682171073  3.2543859510336794  2.282194245142774e51  11.7  13.123414189912623  2.874172185255532  1.4006985282115198e6  1.8
3.76726726726727  1.2967823978927101e8  0.1310609836022947  7519.41619168556  5.6446192253437996e7  0.6  83.601876562594  6.03127203110655e26  2.7828837957261907e51  9.7  10.779888682171073  3.2543859510336794  2.281052291578845e51  11.7  13.123414189912623  2.874172185255532  1.4006105286023458e6  1.8
3.76876876876877  1.29762993831694e8  0.13104597665576573  7516.2130345408  5.63965052991459e7  0.6  83.6019960409496  6.03127203110655e26  2.781491309492693e51  9.7  10.779888682171073  3.2543859510336794  2.2799109094202403e51  11.7  13.123414189912623  2.874172185255532  1.400522598656788e6  1.8
3.77027027027027  1.2984767326908e8  0.13103100247570315  7513.01786161933  5.6346925258716695e7  0.6  83.6021153426496  6.03127203110655e26  2.7800995200248722e51  9.7  10.779888682171073  3.2543859510336794  2.2787700983810427e51  11.7  13.123414189912623  2.874172185255532  1.4004347382919765e6  1.8
3.77177177177178  1.29932278261961e8  0.13101606094395635  7509.830641055611  5.6297451769985095e7  0.6  83.6022344682311  6.03127203110655e26  2.7787084269740735e51  9.7  10.779888682171073  3.2543859510336794  2.2776298581754703e51  11.7  13.123414189912623  2.874172185255532  1.4003469474251727e6  1.8
3.77327327327328  1.30016808970324e8  0.1310011519429622  7506.65134115727  5.6248084472449e7  0.6  83.6023534182286  6.03127203110655e26  2.777318029991847e51  9.7  10.779888682171073  3.2543859510336794  2.2764901885179077e51  11.7  13.123414189912623  2.874172185255532  1.400259225973771e6  1.8
3.77477477477478  1.3010126555361602e8  0.1309862753557454  7503.47993040396  5.61988230072602e7  0.6  83.6024721931745  6.03127203110655e26  2.775928328729887e51  9.7  10.779888682171073  3.2543859510336794  2.275351089122858e51  11.7  13.123414189912623  2.874172185255532  1.4001715738552944e6  1.8
3.7762762762762803  1.30185648170744e8  0.13097143106591114  7500.31637744618  5.6149667017214894e7  0.6  83.6025907935985  6.03127203110655e26  2.7745393228400727e51  9.7  10.779888682171073  3.2543859510336794  2.274212559704978e51  11.7  13.123414189912623  2.874172185255532  1.4000839909873984e6  1.8
3.77777777777778  1.30269956980079e8  0.13095661895764327  7497.160651104041  5.61006161467439e7  0.6  83.6027092200281  6.03127203110655e26  2.773151011974457e51  9.7  10.779888682171073  3.2543859510336794  2.2730745999790633e51  11.7  13.123414189912623  2.874172185255532  1.399996477287868e6  1.8
3.77927927927928  1.30354192139459e8  0.13094183891570157  7494.01272036621  5.60516700419035e7  0.6  83.6028274729884  6.03127203110655e26  2.771763395785267e51  9.7  10.779888682171073  3.2543859510336794  2.271937209660055e51  11.7  13.123414189912623  2.874172185255532  1.399909032674619e6  1.8
3.7807807807807903  1.30438353806188e8  0.13092709082541462  7490.8725543887  5.600282835036611e7  0.6  83.6029455530022  6.03127203110655e26  2.7703764739248937e51  9.7  10.779888682171073  3.2543859510336794  2.270800388463028e51  11.7  13.123414189912623  2.874172185255532  1.3998216570656965e6  1.8
3.78228228228229  1.30522442137045e8  0.13091237457267943  7487.74012249372  5.59540907214108e7  0.6  83.6030634605898  6.03127203110655e26  2.7689902460459327e51  9.7  10.779888682171073  3.2543859510336794  2.269664136103224e51  11.7  13.123414189912623  2.874172185255532  1.3997343503792766e6  1.8
3.78378378378379  1.3060645728827801e8  0.13089769004395738  7484.61539416862  5.5905456805914395e7  0.6  83.6031811962694  6.03127203110655e26  2.7676047118011214e51  9.7  10.779888682171073  3.2543859510336794  2.2685284522960015e51  11.7  13.123414189912623  2.874172185255532  1.3996471125336634e6  1.8
3.78528528528529  1.30690399415614e8  0.13088303712626959  7481.49833906467  5.5856926256342195e7  0.6  83.6032987605568  6.03127203110655e26  2.7662198708433838e51  9.7  10.779888682171073  3.2543859510336794  2.267393336756872e51  11.7  13.123414189912623  2.874172185255532  1.3995599434472914e6  1.8
3.78678678678679  1.30774268674257e8  0.130868415707194  7478.38892699604  5.58084987267387e7  0.6  83.6034161539654  6.03127203110655e26  2.7648357228258158e51  9.7  10.779888682171073  3.2543859510336794  2.2662587892014885e51  11.7  13.123414189912623  2.874172185255532  1.399472843038723e6  1.8
3.7882882882882902  1.30858065218892e8  0.1308538256748616  7475.287127938641  5.57601738727191e7  0.6  83.6035333770065  6.03127203110655e26  2.7634522674016864e51  9.7  10.779888682171073  3.2543859510336794  2.2651248093456447e51  11.7  13.123414189912623  2.874172185255532  1.3993858112266501e6  1.8
3.7897897897897903  1.3094178920368601e8  0.1308392669179537  7472.19291202906  5.571195135145961e7  0.6  83.6036504301891  6.03127203110655e26  2.7620695042244408e51  9.7  10.779888682171073  3.2543859510336794  2.2639913969052794e51  11.7  13.123414189912623  2.874172185255532  1.3992988479298926e6  1.8
3.7912912912913  1.3102544078229201e8  0.13082473932569727  7469.106249563461  5.56638308216893e7  0.6  83.6037673140199  6.03127203110655e26  2.760687432947685e51  9.7  10.779888682171073  3.2543859510336794  2.2628585515964634e51  11.7  13.123414189912623  2.874172185255532  1.399211953067398e6  1.8
3.7927927927928002  1.3110902010784999e8  0.1308102427878629  7466.027110996521  5.5615811943681e7  0.6  83.6038840290032  6.03127203110655e26  2.7593060532252283e51  9.7  10.779888682171073  3.2543859510336794  2.261726273135433e51  11.7  13.123414189912623  2.874172185255532  1.3991251265582438e6  1.8
3.7942942942943003  1.3119252733299099e8  0.13079577719475977  7462.955466940361  5.55678943792421e7  0.6  83.6040005756415  6.03127203110655e26  2.7579253647110245e51  9.7  10.779888682171073  3.2543859510336794  2.260594561238545e51  11.7  13.123414189912623  2.874172185255532  1.3990383683216332e6  1.8
3.7957957957958  1.31275962609836e8  0.1307813424372351  7459.891288163481  5.5520077791706495e7  0.6  83.6041169544346  6.03127203110655e26  2.7565453670592104e51  9.7  10.779888682171073  3.2543859510336794  2.259463415622304e51  11.7  13.123414189912623  2.874172185255532  1.3989516782768974e6  1.8
3.7972972972973  1.31359326090004e8  0.1307669384066667  7456.834545589731  5.54723618459258e7  0.6  83.6042331658805  6.03127203110655e26  2.755166059924095e51  9.7  10.779888682171073  3.2543859510336794  2.258332836003357e51  11.7  13.123414189912623  2.874172185255532  1.3988650563434944e6  1.8
3.7987987987988  1.31442617924608e8  0.13075256499496402  7453.78521029723  5.542474620826019e7  0.6  83.6043492104748  6.03127203110655e26  2.7537874429601613e51  9.7  10.779888682171073  3.2543859510336794  2.257202822098493e51  11.7  13.123414189912623  2.874172185255532  1.3987785024410104e6  1.8
3.8003003003003  1.3152583826426e8  0.13073822209456093  7450.74325351739  5.537723054657061e7  0.6  83.6044650887109  6.03127203110655e26  2.7524095158220646e51  9.7  10.779888682171073  3.2543859510336794  2.2560733736246432e51  11.7  13.123414189912623  2.874172185255532  1.3986920164891568e6  1.8
3.80180180180181  1.31608987259074e8  0.1307239095984155  7447.70864663383  5.5329814530209996e7  0.6  83.6045808010801  6.03127203110655e26  2.751032278164624e51  9.7  10.779888682171073  3.2543859510336794  2.2549444902988722e51  11.7  13.123414189912623  2.874172185255532  1.3986055984077717e6  1.8
3.80330330330331  1.31692065058669e8  0.13070962740000514  7444.68136118143  5.52824978300147e7  0.6  83.6046963480717  6.03127203110655e26  2.7496557296428588e51  9.7  10.779888682171073  3.2543859510336794  2.253816171838409e51  11.7  13.123414189912623  2.874172185255532  1.3985192481168208e6  1.8
3.80480480480481  1.31775071812168e8  0.13069537539332346  7441.661368845251  5.52352801182964e7  0.6  83.6048117301726  6.03127203110655e26  2.7482798699119325e51  9.7  10.779888682171073  3.2543859510336794  2.2526884179606006e51  11.7  13.123414189912623  2.874172185255532  1.3984329655363944e6  1.8
3.8063063063063103  1.31858007668201e8  0.1306811534728789  7438.64864145957  5.51881610688335e7  0.6  83.6049269478677  6.03127203110655e26  2.7469046986271924e51  9.7  10.779888682171073  3.2543859510336794  2.2515612283829447e51  11.7  13.123414189912623  2.874172185255532  1.398346750586708e6  1.8
3.80780780780781  1.31940872774911e8  0.130666961533688  7435.643151006911  5.5141140356863394e7  0.6  83.6050420016397  6.03127203110655e26  2.745530215444157e51  9.7  10.779888682171073  3.2543859510336794  2.2504346028230797e51  11.7  13.123414189912623  2.874172185255532  1.3982606031881038e6  1.8
3.80930930930931  1.3202366727995099e8  0.1306527994712761  7432.64486961703  5.5094217659073606e7  0.6  83.6051568919695  6.03127203110655e26  2.7441564200185168e51  9.7  10.779888682171073  3.2543859510336794  2.2493085409987843e51  11.7  13.123414189912623  2.874172185255532  1.3981745232610488e6  1.8
3.8108108108108203  1.32106391330491e8  0.13063866718167072  7429.65376956593  5.50473926535942e7  0.6  83.6052716193355  6.03127203110655e26  2.7427833120061248e51  9.7  10.779888682171073  3.2543859510336794  2.2481830426279712e51  11.7  13.123414189912623  2.874172185255532  1.3980885107261336e6  1.8
3.81231231231232  1.3218904507321401e8  0.13062456456140212  7426.6698232749195  5.50006650199894e7  0.6  83.6053861842143  6.03127203110655e26  2.741410891063037e51  9.7  10.779888682171073  3.2543859510336794  2.247058107428719e51  11.7  13.123414189912623  2.874172185255532  1.3980025655040764e6  1.8
3.81381381381382  1.3227162865432501e8  0.13061049150749718  7423.6930033096505  5.4954034439249605e7  0.6  83.6055005870804  6.03127203110655e26  2.7400391568454496e51  9.7  10.779888682171073  3.2543859510336794  2.2459337351192214e51  11.7  13.123414189912623  2.874172185255532  1.3979166875157175e6  1.8
3.81531531531532  1.32354142219549e8  0.13059644791747657  7420.72328237914  5.490750059378369e7  0.6  83.605614828406  6.03127203110655e26  2.7386681090097435e51  9.7  10.779888682171073  3.2543859510336794  2.2448099254178227e51  11.7  13.123414189912623  2.874172185255532  1.3978308766820217e6  1.8
3.81681681681682  1.32436585914134e8  0.13058243368935524  7417.76063333486  5.48610631674107e7  0.6  83.6057289086617  6.03127203110655e26  2.73729774721247e51  9.7  10.779888682171073  3.2543859510336794  2.2436866780430083e51  11.7  13.123414189912623  2.874172185255532  1.3977451329240783e6  1.8
3.8183183183183202  1.32518959882854e8  0.130568448721635  7414.80502916976  5.4814721845352195e7  0.6  83.6058428283156  6.03127203110655e26  2.735928071110352e51  9.7  10.779888682171073  3.2543859510336794  2.242563992713403e51  11.7  13.123414189912623  2.874172185255532  1.3976594561631002e6  1.8
3.81981981981982  1.3260126427000901e8  0.13055449291330265  7411.85644301738  5.47684763142243e7  0.6  83.6059565878342  6.03127203110655e26  2.7345590803602853e51  9.7  10.779888682171073  3.2543859510336794  2.2414418691477748e51  11.7  13.123414189912623  2.874172185255532  1.3975738463204235e6  1.8
3.82132132132133  1.3268349921943e8  0.1305405661638293  7408.91484815089  5.4722326262030296e7  0.6  83.6060701876817  6.03127203110655e26  2.7331907746193264e51  9.7  10.779888682171073  3.2543859510336794  2.2403203070650217e51  11.7  13.123414189912623  2.874172185255532  1.3974883033175075e6  1.8
3.8228228228228303  1.3276566487447801e8  0.13052666837316543  7405.980217982181  5.46762713781524e7  0.6  83.6061836283204  6.03127203110655e26  2.7318231535447323e51  9.7  10.779888682171073  3.2543859510336794  2.239199306184207e51  11.7  13.123414189912623  2.874172185255532  1.3974028270759357e6  1.8
3.82432432432433  1.3284776137804899e8  0.13051279944173835  7403.05252606098  5.463031135334451e7  0.6  83.6062969102107  6.03127203110655e26  2.730456216793905e51  9.7  10.779888682171073  3.2543859510336794  2.2380788662245124e51  11.7  13.123414189912623  2.874172185255532  1.3973174175174127e6  1.8
3.82582582582583  1.3292978887257299e8  0.1304989592704485  7400.13174607393  5.45844458797246e7  0.6  83.6064100338109  6.03127203110655e26  2.7290899640244246e51  9.7  10.779888682171073  3.2543859510336794  2.2369589869052662e51  11.7  13.123414189912623  2.874172185255532  1.3972320745637664e6  1.8
3.82732732732733  1.3301174750002001e8  0.1304851477606681  7397.21785184368  5.45386746507667e7  0.6  83.6065229995774  6.03127203110655e26  2.7277243948940435e51  9.7  10.779888682171073  3.2543859510336794  2.2358396679459374e51  11.7  13.123414189912623  2.874172185255532  1.3971467981369467e6  1.8
3.82882882882883  1.33093637401898e8  0.13047136481423763  7394.31081732805  5.44929973612939e7  0.6  83.6066358079645  6.03127203110655e26  2.726359509060686e51  9.7  10.779888682171073  3.2543859510336794  2.2347209090661364e51  11.7  13.123414189912623  2.874172185255532  1.3970615881590263e6  1.8
3.83033033033033  1.3317545871925801e8  0.13045761033346243  7391.41061661907  5.444741370747091e7  0.6  83.6067484594249  6.03127203110655e26  2.724995306182448e51  9.7  10.779888682171073  3.2543859510336794  2.2336027099856133e51  11.7  13.123414189912623  2.874172185255532  1.396976444552198e6  1.8
3.83183183183184  1.33257211592692e8  0.1304438842211116  7388.517223942191  5.4401923386796206e7  0.6  83.6068609544092  6.03127203110655e26  2.7236317859175856e51  9.7  10.779888682171073  3.2543859510336794  2.2324850704242505e51  11.7  13.123414189912623  2.874172185255532  1.396891367238778e6  1.8
3.83333333333334  1.33338896162342e8  0.13043018638041315  7385.63061365536  5.4356526098095e7  0.6  83.6069732933658  6.03127203110655e26  2.722268947924554e51  9.7  10.779888682171073  3.2543859510336794  2.231367990102094e51  11.7  13.123414189912623  2.874172185255532  1.3968063561412033e6  1.8
3.8348348348348402  1.33420512567895e8  0.1304165167150517  7382.75076024817  5.4311221541512e7  0.6  83.6070854767417  6.03127203110655e26  2.7209067918619528e51  9.7  10.779888682171073  3.2543859510336794  2.2302514687393056e51  11.7  13.123414189912623  2.874172185255532  1.3967214111820313e6  1.8
3.8363363363363403  1.33502060948588e8  0.13040287512916712  7379.87763834104  5.4266009418504e7  0.6  83.6071975049816  6.03127203110655e26  2.7195453173885605e51  9.7  10.779888682171073  3.2543859510336794  2.2291355060561973e51  11.7  13.123414189912623  2.874172185255532  1.396636532283941e6  1.8
3.83783783783784  1.3358354144321e8  0.13038926152734975  7377.01122268431  5.422088943183269e7  0.6  83.6073093785285  6.03127203110655e26  2.7181845241633277e51  9.7  10.779888682171073  3.2543859510336794  2.2280201017732195e51  11.7  13.123414189912623  2.874172185255532  1.3965517193697314e6  1.8
3.83933933933934  1.3366495419010499e8  0.1303756758146394  7374.151488157459  5.41758612855574e7  0.6  83.6074210978235  6.03127203110655e26  2.7168244118453724e51  9.7  10.779888682171073  3.2543859510336794  2.2269052556109614e51  11.7  13.123414189912623  2.874172185255532  1.3964669723623225e6  1.8
3.8408408408408503  1.3374629932717001e8  0.13036211789652216  7371.29840976824  5.4130924685028195e7  0.6  83.6075326633058  6.03127203110655e26  2.7154649800939784e51  9.7  10.779888682171073  3.2543859510336794  2.2257909672901462e51  11.7  13.123414189912623  2.874172185255532  1.3963822911847534e6  1.8
3.84234234234235  1.3382757699186298e8  0.13034858767892724  7368.45196265184  5.40860793368789e7  0.6  83.6076440754128  6.03127203110655e26  2.714106228568625e51  9.7  10.779888682171073  3.2543859510336794  2.2246772365316597e51  11.7  13.123414189912623  2.874172185255532  1.396297675760185e6  1.8
3.84384384384385  1.33908787321197e8  0.13033508506822444  7365.612122070101  5.404132494901971e7  0.6  83.6077553345801  6.03127203110655e26  2.712748156928933e51  9.7  10.779888682171073  3.2543859510336794  2.2235640630565026e51  11.7  13.123414189912623  2.874172185255532  1.3962131260118962e6  1.8
3.84534534534535  1.3398993045175101e8  0.13032160997122183  7362.77886341066  5.39966612306303e7  0.6  83.6078664412413  6.03127203110655e26  2.7113907648347067e51  9.7  10.779888682171073  3.2543859510336794  2.2224514465858254e51  11.7  13.123414189912623  2.874172185255532  1.3961286418632856e6  1.8
3.84684684684685  1.34071006519665e8  0.1303081622951631  7359.9521621861895  5.3952087892153405e7  0.6  83.6079773958282  6.03127203110655e26  2.7100340519459172e51  9.7  10.779888682171073  3.2543859510336794  2.221339386840916e51  11.7  13.123414189912623  2.874172185255532  1.3960442232378717e6  1.8
3.8483483483483503  1.34152015660644e8  0.130294741947725  7357.131994033521  5.39076046452872e7  0.6  83.608088198771  6.03127203110655e26  2.708678017922707e51  9.7  10.779888682171073  3.2543859510336794  2.2202278835432025e51  11.7  13.123414189912623  2.874172185255532  1.395959870059291e6  1.8
3.84984984984985  1.34232958009962e8  0.13028134883701387  7354.318334712941  5.38632112029789e7  0.6  83.6081988504979  6.03127203110655e26  2.7073226624253893e51  9.7  10.779888682171073  3.2543859510336794  2.219116936414254e51  11.7  13.123414189912623  2.874172185255532  1.3958755822512996e6  1.8
3.85135135135136  1.34313833702459e8  0.1302679828715653  7351.51116010732  5.3818907279418e7  0.6  83.6083093514354  6.03127203110655e26  2.7059679851144362e51  9.7  10.779888682171073  3.2543859510336794  2.2180065451757674e51  11.7  13.123414189912623  2.874172185255532  1.395791359737771e6  1.8
3.8528528528528603  1.34394642872548e8  0.13025464396033817  7348.71044622139  5.3774692590029396e7  0.6  83.6084197020081  6.03127203110655e26  2.704613985650519e51  9.7  10.779888682171073  3.2543859510336794  2.216896709549606e51  11.7  13.123414189912623  2.874172185255532  1.3957072024426996e6  1.8
3.85435435435436  1.34475374270908e8  0.1302247381100703  7342.4536884032705  5.37649700783605e7  0.6  83.6084439770429  6.03127203110655e26  2.7032606636944507e51  9.7  10.779888682171073  3.2543859510336794  2.2157874292577467e51  11.7  13.123414189912623  2.874172185255532  1.3956231102901946e6  1.8
3.85585585585586  1.34556102454209e8  0.13019281925055248  7335.78236211468  5.37649700783605e7  0.6  83.6084439770429  6.03127203110655e26  2.701908018907223e51  9.7  10.779888682171073  3.2543859510336794  2.214678704022314e51  11.7  13.123414189912623  2.874172185255532  1.3955390832044848e6  1.8
3.85735735735736  1.3463683063751e8  0.13016091482900355  7329.118495487861  5.37649700783605e7  0.6  83.6084439770429  6.03127203110655e26  2.7005560509499964e51  9.7  10.779888682171073  3.2543859510336794  2.213570533565571e51  11.7  13.123414189912623  2.874172185255532  1.3954551211099161e6  1.8
3.85885885885886  1.34717558820811e8  0.1301290248328931  7322.462078283979  5.37649700783605e7  0.6  83.6084439770429  6.03127203110655e26  2.6992047594841035e51  9.7  10.779888682171073  3.2543859510336794  2.212462917609921e51  11.7  13.123414189912623  2.874172185255532  1.3953712239309524e6  1.8
3.86036036036037  1.34798287004112e8  0.1300971492496819  7315.81310027589  5.37649700783605e7  0.6  83.6084439770429  6.03127203110655e26  2.697854144171035e51  9.7  10.779888682171073  3.2543859510336794  2.2113558558778975e51  11.7  13.123414189912623  2.874172185255532  1.3952873915921731e6  1.8
3.86186186186187  1.3487901518741298e8  0.13006528806681955  7309.1715512481205  5.37649700783605e7  0.6  83.6084439770429  6.03127203110655e26  2.6965042046724788e51  9.7  10.779888682171073  3.2543859510336794  2.210249348092196e51  11.7  13.123414189912623  2.874172185255532  1.395203624018277e6  1.8
3.86336336336337  1.34959743370713e8  0.1300334412784059  7302.53742238374  5.37649700783605e7  0.6  83.6084439770429  6.03127203110655e26  2.6951549406502653e51  9.7  10.779888682171073  3.2543859510336794  2.2091433939756273e51  11.7  13.123414189912623  2.874172185255532  1.395119921134078e6  1.8
3.8648648648648702  1.35040471554014e8  0.1300016089684979  7295.91072359665  5.37649700783605e7  0.6  83.6084439770429  6.03127203110655e26  2.693806351766402e51  9.7  10.779888682171073  3.2543859510336794  2.2080379932511493e51  11.7  13.123414189912623  2.874172185255532  1.3950362828645061e6  1.8
3.86636636636637  1.35121199737315e8  0.12996979115596055  7289.29145120316  5.37649700783605e7  0.6  83.6084439770429  6.03127203110655e26  2.6924584376830676e51  9.7  10.779888682171073  3.2543859510336794  2.2069331456418587e51  11.7  13.123414189912623  2.874172185255532  1.3949527091346085e6  1.8
3.86786786786787  1.35201927920616e8  0.1299379878277721  7282.6795948893005  5.37649700783605e7  0.6  83.6084439770429  6.03127203110655e26  2.6911111980626076e51  9.7  10.779888682171073  3.2543859510336794  2.20582885087099e51  11.7  13.123414189912623  2.874172185255532  1.394869199869548e6  1.8
3.86936936936937  1.35282656103917e8  0.1299061989709041  7276.075144353571  5.37649700783605e7  0.6  83.6084439770429  6.03127203110655e26  2.6897646325675378e51  9.7  10.779888682171073  3.2543859510336794  2.2047251086619164e51  11.7  13.123414189912623  2.874172185255532  1.3947857549946033e6  1.8
3.87087087087088  1.35363384287218e8  0.12987442457231987  7269.47808930695  5.37649700783605e7  0.6  83.6084439770429  6.03127203110655e26  2.6884187408605337e51  9.7  10.779888682171073  3.2543859510336794  2.2036219187381424e51  11.7  13.123414189912623  2.874172185255532  1.394702374435168e6  1.8
3.87237237237238  1.35444112470518e8  0.12984266461897592  7262.88841947293  5.37649700783605e7  0.6  83.6084439770429  6.03127203110655e26  2.687073522604466e51  9.7  10.779888682171073  3.2543859510336794  2.2025192808233333e51  11.7  13.123414189912623  2.874172185255532  1.394619058116753e6  1.8
3.87387387387388  1.35524840653819e8  0.12981091909781933  7256.3061245875  5.37649700783605e7  0.6  83.6084439770429  6.03127203110655e26  2.685728977462348e51  9.7  10.779888682171073  3.2543859510336794  2.201417194641269e51  11.7  13.123414189912623  2.874172185255532  1.3945358059649817e6  1.8
3.87537537537538  1.3560556883712e8  0.1297791879957923  7249.73119439919  5.37649700783605e7  0.6  83.6084439770429  6.03127203110655e26  2.6843851050973695e51  9.7  10.779888682171073  3.2543859510336794  2.200315659915877e51  11.7  13.123414189912623  2.874172185255532  1.3944526179055944e6  1.8
3.87687687687688  1.35686297020421e8  0.1297474712998276  7243.163618669079  5.37649700783605e7  0.6  83.6084439770429  6.03127203110655e26  2.68304190517289e51  9.7  10.779888682171073  3.2543859510336794  2.1992146763712217e51  11.7  13.123414189912623  2.874172185255532  1.3943694938644446e6  1.8
3.8783783783783803  1.35767025203722e8  0.12971576899685236  7236.60338717079  5.37649700783605e7  0.6  83.6084439770429  6.03127203110655e26  2.681699377352437e51  9.7  10.779888682171073  3.2543859510336794  2.1981142437315058e51  11.7  13.123414189912623  2.874172185255532  1.3942864337675017e6  1.8
3.87987987987988  1.35847753387023e8  0.12968408107688453  7230.05049033106  5.37649700783605e7  0.6  83.6084439770429  6.03127203110655e26  2.6803575212997064e51  9.7  10.779888682171073  3.2543859510336794  2.197014361721071e51  11.7  13.123414189912623  2.874172185255532  1.394203437540848e6  1.8
3.88138138138139  1.35928481570324e8  0.1296524076162341  7223.50493641596  5.37649700783605e7  0.6  83.6084439770429  6.03127203110655e26  2.679016336678552e51  9.7  10.779888682171073  3.2543859510336794  2.195915030064387e51  11.7  13.123414189912623  2.874172185255532  1.3941205051106801e6  1.8
3.8828828828828903  1.36009209753624e8  0.12962074864263515  7216.96672362757  5.37649700783605e7  0.6  83.6084439770429  6.03127203110655e26  2.6776758231530255e51  9.7  10.779888682171073  3.2543859510336794  2.1948162484860864e51  11.7  13.123414189912623  2.874172185255532  1.3940376364033099e6  1.8
3.88438438438439  1.36089937936925e8  0.12958910414256675  7210.43584164833  5.37649700783605e7  0.6  83.6084439770429  6.03127203110655e26  2.6763359803873173e51  9.7  10.779888682171073  3.2543859510336794  2.193718016710916e51  11.7  13.123414189912623  2.874172185255532  1.3939548313451607e6  1.8
3.88588588588589  1.36170666120226e8  0.1295574741025023  7203.91228017397  5.37649700783605e7  0.6  83.6084439770429  6.03127203110655e26  2.674996808045796e51  9.7  10.779888682171073  3.2543859510336794  2.1926203344637674e51  11.7  13.123414189912623  2.874172185255532  1.3938720898627706e6  1.8
3.88738738738739  1.36251394303527e8  0.12952585850891205  7197.39602891348  5.37649700783605e7  0.6  83.6084439770429  6.03127203110655e26  2.673658305792998e51  9.7  10.779888682171073  3.2543859510336794  2.1915232014696708e51  11.7  13.123414189912623  2.874172185255532  1.3937894118827898e6  1.8
3.88888888888889  1.36332122486828e8  0.1294942573482613  7190.88707758915  5.37649700783605e7  0.6  83.6084439770429  6.03127203110655e26  2.6723204732936282e51  9.7  10.779888682171073  3.2543859510336794  2.1904266174537936e51  11.7  13.123414189912623  2.874172185255532  1.3937067973319823e6  1.8
3.8903903903904  1.36412850670129e8  0.12946267060701033  7184.38541593655  5.37649700783605e7  0.6  83.6084439770429  6.03127203110655e26  2.6709833102125483e51  9.7  10.779888682171073  3.2543859510336794  2.1893305821414334e51  11.7  13.123414189912623  2.874172185255532  1.393624246137224e6  1.8
3.8918918918919  1.36493578853429e8  0.1294310982716151  7177.89103370455  5.37649700783605e7  0.6  83.6084439770429  6.03127203110655e26  2.6696468162148167e51  9.7  10.779888682171073  3.2543859510336794  2.1882350952580466e51  11.7  13.123414189912623  2.874172185255532  1.3935417582255043e6  1.8
3.8933933933934  1.3657430703673e8  0.12939954032852713  7171.403920655351  5.37649700783605e7  0.6  83.6084439770429  6.03127203110655e26  2.6683109909656314e51  9.7  10.779888682171073  3.2543859510336794  2.187140156529206e51  11.7  13.123414189912623  2.874172185255532  1.3934593335239242e6  1.8
3.8948948948949003  1.36655035220031e8  0.1293679967641949  7164.924066564429  5.37649700783605e7  0.6  83.6084439770429  6.03127203110655e26  2.666975834130367e51  9.7  10.779888682171073  3.2543859510336794  2.1860457656806286e51  11.7  13.123414189912623  2.874172185255532  1.3933769719596966e6  1.8
3.8963963963964  1.36735763403332e8  0.1293364675657658  7158.45146136518  5.37649700783605e7  0.6  83.6084439770429  6.03127203110655e26  2.665641345374566e51  9.7  10.779888682171073  3.2543859510336794  2.184951922438169e51  11.7  13.123414189912623  2.874172185255532  1.3932946734601464e6  1.8
3.8978978978979  1.36816491586633e8  0.12930495279803306  7151.98611092859  5.37649700783605e7  0.6  83.6084439770429  6.03127203110655e26  2.664307524363938e51  9.7  10.779888682171073  3.2543859510336794  2.183858626527818e51  11.7  13.123414189912623  2.874172185255532  1.3932124379527105e6  1.8
3.8993993993994  1.36897219769934e8  0.1292734525003131  7145.5280158757005  5.37649700783605e7  0.6  83.6084439770429  6.03127203110655e26  2.6629743707643594e51  9.7  10.779888682171073  3.2543859510336794  2.1827658776757046e51  11.7  13.123414189912623  2.874172185255532  1.3931302653649366e6  1.8
3.90090090090091  1.3697794795323402e8  0.12924196665862875  7139.07716589763  5.37649700783605e7  0.6  83.6084439770429  6.03127203110655e26  2.6616418842418656e51  9.7  10.779888682171073  3.2543859510336794  2.181673675608087e51  11.7  13.123414189912623  2.874172185255532  1.3930481556244832e6  1.8
3.90240240240241  1.3705867613653502e8  0.1292104952589996  7132.63355069946  5.37649700783605e7  0.6  83.6084439770429  6.03127203110655e26  2.6603100644626856e51  9.7  10.779888682171073  3.2543859510336794  2.180582020051382e51  11.7  13.123414189912623  2.874172185255532  1.3929661086591217e6  1.8
3.90390390390391  1.37139404319836e8  0.1291790382874441  7126.19716000028  5.37649700783605e7  0.6  83.6084439770429  6.03127203110655e26  2.6589789110931886e51  9.7  10.779888682171073  3.2543859510336794  2.179490910732122e51  11.7  13.123414189912623  2.874172185255532  1.3928841243967325e6  1.8
3.90540540540541  1.37220132503137e8  0.12914759572997936  7119.76798353314  5.37649700783605e7  0.6  83.6084439770429  6.03127203110655e26  2.6576484237999193e51  9.7  10.779888682171073  3.2543859510336794  2.178400347376983e51  11.7  13.123414189912623  2.874172185255532  1.392802202765307e6  1.8
3.9069069069069102  1.37300860686438e8  0.1291161675726194  7113.34601104508  5.37649700783605e7  0.6  83.6084439770429  6.03127203110655e26  2.6563186022495904e51  9.7  10.779888682171073  3.2543859510336794  2.1773103297127794e51  11.7  13.123414189912623  2.874172185255532  1.392720343692947e6  1.8
3.9084084084084103  1.37381588869739e8  0.12908475380137763  7106.93123229712  5.37649700783605e7  0.6  83.6084439770429  6.03127203110655e26  2.65498944610908e51  9.7  10.779888682171073  3.2543859510336794  2.176220857466459e51  11.7  13.123414189912623  2.874172185255532  1.3926385471078642e6  1.8
3.90990990990991  1.3746231705304e8  0.1290533544022656  7100.52363706427  5.37649700783605e7  0.6  83.6084439770429  6.03127203110655e26  2.6536609550454337e51  9.7  10.779888682171073  3.2543859510336794  2.1751319303651097e51  11.7  13.123414189912623  2.874172185255532  1.392556812938381e6  1.8
3.9114114114114202  1.3754304523634002e8  0.1290219693612929  7094.12321513553  5.37649700783605e7  0.6  83.6084439770429  6.03127203110655e26  2.6523331287258547e51  9.7  10.779888682171073  3.2543859510336794  2.1740435481359467e51  11.7  13.123414189912623  2.874172185255532  1.3924751411129276e6  1.8
3.9129129129129203  1.3762377341964102e8  0.12899059866446927  7087.72995631388  5.37649700783605e7  0.6  83.6084439770429  6.03127203110655e26  2.6510059668177388e51  9.7  10.779888682171073  3.2543859510336794  2.1729557105063435e51  11.7  13.123414189912623  2.874172185255532  1.3923935315600466e6  1.8
3.91441441441442  1.3770450160294202e8  0.1289592423602974  7081.3438631401705  5.37649700783605e7  0.6  83.6084439770429  6.03127203110655e26  2.6496794689886224e51  9.7  10.779888682171073  3.2543859510336794  2.1718684172037892e51  11.7  13.123414189912623  2.874172185255532  1.3923119842083878e6  1.8
3.91591591591592  1.3778522978624302e8  0.12892790050283195  7074.96493926525  5.37649700783605e7  0.6  83.6084439770429  6.03127203110655e26  2.6483536349062173e51  9.7  10.779888682171073  3.2543859510336794  2.1707816679559158e51  11.7  13.123414189912623  2.874172185255532  1.3922304989867103e6  1.8
3.91741741741742  1.37865957969544e8  0.12889657307771307  7068.59317440685  5.37649700783605e7  0.6  83.6084439770429  6.03127203110655e26  2.6470284642383997e51  9.7  10.779888682171073  3.2543859510336794  2.1696954624904917e51  11.7  13.123414189912623  2.874172185255532  1.3921490758238826e6  1.8
3.91891891891892  1.37946686152845e8  0.12886526007054533  7062.22855829049  5.37649700783605e7  0.6  83.6084439770429  6.03127203110655e26  2.6457039566532144e51  9.7  10.779888682171073  3.2543859510336794  2.168609800535422e51  11.7  13.123414189912623  2.874172185255532  1.3920677146488815e6  1.8
3.92042042042043  1.3802741433614498e8  0.12883396146693643  7055.871080656269  5.37649700783605e7  0.6  83.6084439770429  6.03127203110655e26  2.644380111818862e51  9.7  10.779888682171073  3.2543859510336794  2.1675246818187397e51  11.7  13.123414189912623  2.874172185255532  1.391986415390792e6  1.8
3.92192192192193  1.38108142519446e8  0.1288026772524928  7049.520731258921  5.37649700783605e7  0.6  83.6084439770429  6.03127203110655e26  2.6430569294037364e51  9.7  10.779888682171073  3.2543859510336794  2.1664401060686368e51  11.7  13.123414189912623  2.874172185255532  1.3919051779788085e6  1.8
3.92342342342343  1.38188870702747e8  0.12877140741282345  7043.17749986774  5.37649700783605e7  0.6  83.6084439770429  6.03127203110655e26  2.6417344090763704e51  9.7  10.779888682171073  3.2543859510336794  2.1653560730134186e51  11.7  13.123414189912623  2.874172185255532  1.3918240023422325e6  1.8
3.9249249249249303  1.38269598886048e8  0.12874015193353602  7036.8413762666  5.37649700783605e7  0.6  83.6084439770429  6.03127203110655e26  2.6404125505054715e51  9.7  10.779888682171073  3.2543859510336794  2.1642725823815343e51  11.7  13.123414189912623  2.874172185255532  1.3917428884104732e6  1.8
3.92642642642643  1.38350327069349e8  0.12870891080024138  7030.512350254  5.37649700783605e7  0.6  83.6084439770429  6.03127203110655e26  2.639091353359914e51  9.7  10.779888682171073  3.2543859510336794  2.1631896339015693e51  11.7  13.123414189912623  2.874172185255532  1.3916618361130476e6  1.8
3.92792792792793  1.3843105525265002e8  0.12867768399855092  7024.19041164301  5.37649700783605e7  0.6  83.6084439770429  6.03127203110655e26  2.6377708173087357e51  9.7  10.779888682171073  3.2543859510336794  2.1621072273022424e51  11.7  13.123414189912623  2.874172185255532  1.3915808453795807e6  1.8
3.92942942942943  1.3851178343595102e8  0.12864647151407554  7017.87555026125  5.37649700783605e7  0.6  83.6084439770429  6.03127203110655e26  2.6364509420211418e51  9.7  10.779888682171073  3.2543859510336794  2.1610253623124113e51  11.7  13.123414189912623  2.874172185255532  1.3914999161398038e6  1.8
3.93093093093094  1.3859251161925098e8  0.12861527337784612  7011.56776513043  5.37649700783605e7  0.6  83.6084439770429  6.03127203110655e26  2.6351317271664943e51  9.7  10.779888682171073  3.2543859510336794  2.159944038661061e51  11.7  13.123414189912623  2.874172185255532  1.3914190483235552e6  1.8
3.93243243243244  1.3867323980255198e8  0.12858408965759488  7005.2670626757  5.37649700783605e7  0.6  83.6084439770429  6.03127203110655e26  2.6338131724143455e51  9.7  10.779888682171073  3.2543859510336794  2.1588632560773324e51  11.7  13.123414189912623  2.874172185255532  1.3913382418607818e6  1.8
3.93393393393394  1.38753967985853e8  0.12855292034025587  6998.97343298337  5.37649700783605e7  0.6  83.6084439770429  6.03127203110655e26  2.632495277434388e51  9.7  10.779888682171073  3.2543859510336794  2.157783014290482e51  11.7  13.123414189912623  2.874172185255532  1.3912574966815352e6  1.8
3.93543543543544  1.38834696169154e8  0.12852176541105853  6992.686865809431  5.37649700783605e7  0.6  83.6084439770429  6.03127203110655e26  2.6311780418964885e51  9.7  10.779888682171073  3.2543859510336794  2.1567033130299086e51  11.7  13.123414189912623  2.874172185255532  1.3911768127159737e6  1.8
3.9369369369369402  1.38915424352455e8  0.128490624855233  6986.40735092496  5.37649700783605e7  0.6  83.6084439770429  6.03127203110655e26  2.6298614654706787e51  9.7  10.779888682171073  3.2543859510336794  2.1556241520251463e51  11.7  13.123414189912623  2.874172185255532  1.3910961898943624e6  1.8
3.93843843843844  1.38996152535756e8  0.12845949865801554  6980.1348781162205  5.37649700783605e7  0.6  83.6084439770429  6.03127203110655e26  2.6285455478271544e51  9.7  10.779888682171073  3.2543859510336794  2.1545455310058643e51  11.7  13.123414189912623  2.874172185255532  1.391015628147072e6  1.8
3.93993993993994  1.39076880719056e8  0.12842838680464255  6973.8694371845795  5.37649700783605e7  0.6  83.6084439770429  6.03127203110655e26  2.6272302886362774e51  9.7  10.779888682171073  3.2543859510336794  2.153467449701867e51  11.7  13.123414189912623  2.874172185255532  1.3909351274045787e6  1.8
3.9414414414414503  1.39157608902357e8  0.12839728928035593  6967.6110179465495  5.37649700783605e7  0.6  83.6084439770429  6.03127203110655e26  2.625915687568566e51  9.7  10.779888682171073  3.2543859510336794  2.152389907843087e51  11.7  13.123414189912623  2.874172185255532  1.3908546875974648e6  1.8
3.94294294294295  1.39238337085658e8  0.12836620607039953  6961.35961023373  5.37649700783605e7  0.6  83.6084439770429  6.03127203110655e26  2.624601744294729e51  9.7  10.779888682171073  3.2543859510336794  2.151312905159614e51  11.7  13.123414189912623  2.874172185255532  1.3907743086564185e6  1.8
3.94444444444445  1.39319065268959e8  0.12833513716002218  6955.11520389284  5.37649700783605e7  0.6  83.6084439770429  6.03127203110655e26  2.6232884584856136e51  9.7  10.779888682171073  3.2543859510336794  2.1502364413816508e51  11.7  13.123414189912623  2.874172185255532  1.390693990512232e6  1.8
3.94594594594595  1.3939979345226e8  0.1283040825344739  6948.87778878569  5.37649700783605e7  0.6  83.6084439770429  6.03127203110655e26  2.621975829812241e51  9.7  10.779888682171073  3.2543859510336794  2.149160516239542e51  11.7  13.123414189912623  2.874172185255532  1.3906137330958035e6  1.8
3.94744744744745  1.39480521635561e8  0.1282730422089397  6942.64736079487  5.37649700783605e7  0.6  83.6084439770429  6.03127203110655e26  2.620663857945796e51  9.7  10.779888682171073  3.2543859510336794  2.1480851294637674e51  11.7  13.123414189912623  2.874172185255532  1.3905335363381354e6  1.8
3.94894894894895  1.39561249818862e8  0.12824201626026255  6936.42392816492  5.37649700783605e7  0.6  83.6084439770429  6.03127203110655e26  2.6193525425576296e51  9.7  10.779888682171073  3.2543859510336794  2.1470102807849424e51  11.7  13.123414189912623  2.874172185255532  1.3904534001703344e6  1.8
3.95045045045046  1.39641978002162e8  0.12821100467974111  6930.2074819647205  5.37649700783605e7  0.6  83.6084439770429  6.03127203110655e26  2.6180418833192473e51  9.7  10.779888682171073  3.2543859510336794  2.1459359699338096e51  11.7  13.123414189912623  2.874172185255532  1.3903733245236122e6  1.8
3.95195195195196  1.39722706185463e8  0.12818000745226224  6923.9980119898  5.37649700783605e7  0.6  83.6084439770429  6.03127203110655e26  2.6167318799023456e51  9.7  10.779888682171073  3.2543859510336794  2.144862196641267e51  11.7  13.123414189912623  2.874172185255532  1.390293309329285e6  1.8
3.95345345345346  1.39803434368764e8  0.1281490245627165  6917.79550805127  5.37649700783605e7  0.6  83.6084439770429  6.03127203110655e26  2.6154225319787586e51  9.7  10.779888682171073  3.2543859510336794  2.1437889606383267e51  11.7  13.123414189912623  2.874172185255532  1.3902133545187726e6  1.8
3.9549549549549603  1.39884162552065e8  0.12811805599600065  6911.59995997588  5.37649700783605e7  0.6  83.6084439770429  6.03127203110655e26  2.6141138392204934e51  9.7  10.779888682171073  3.2543859510336794  2.1427162616561423e51  11.7  13.123414189912623  2.874172185255532  1.390133460023598e6  1.8
3.95645645645646  1.3996489073536602e8  0.12808710173701462  6905.41135760598  5.37649700783605e7  0.6  83.6084439770429  6.03127203110655e26  2.612805801299722e51  9.7  10.779888682171073  3.2543859510336794  2.141644099426002e51  11.7  13.123414189912623  2.874172185255532  1.3900536257753891e6  1.8
3.95795795795796  1.40045618918667e8  0.12805616177066642  6899.22969079946  5.37649700783605e7  0.6  83.6084439770429  6.03127203110655e26  2.61149841788878e51  9.7  10.779888682171073  3.2543859510336794  2.140572473679328e51  11.7  13.123414189912623  2.874172185255532  1.389973851705876e6  1.8
3.95945945945946  1.4012634710196698e8  0.1280252360818685  6893.05494942985  5.37649700783605e7  0.6  83.6084439770429  6.03127203110655e26  2.6101916886601662e51  9.7  10.779888682171073  3.2543859510336794  2.1395013841476772e51  11.7  13.123414189912623  2.874172185255532  1.3898941377468924e6  1.8
3.96096096096097  1.4020707528526798e8  0.12799432465553756  6886.8871233862  5.37649700783605e7  0.6  83.6084439770429  6.03127203110655e26  2.6088856132865354e51  9.7  10.779888682171073  3.2543859510336794  2.138430830562734e51  11.7  13.123414189912623  2.874172185255532  1.3898144838303751e6  1.8
3.96246246246247  1.4028780346856898e8  0.1279634274765979  6880.726202573141  5.37649700783605e7  0.6  83.6084439770429  6.03127203110655e26  2.607580191440733e51  9.7  10.779888682171073  3.2543859510336794  2.1373608126563387e51  11.7  13.123414189912623  2.874172185255532  1.3897348898883646e6  1.8
3.96396396396397  1.4036853165187e8  0.12793254454678712  6874.572180259221  5.37649700783605e7  0.6  83.6084439770429  6.03127203110655e26  2.6062754227957397e51  9.7  10.779888682171073  3.2543859510336794  2.1362913301604425e51  11.7  13.123414189912623  2.874172185255532  1.3896553558530025e6  1.8
3.96546546546547  1.40449259835171e8  0.12790167594595292  6868.42506526806  5.37649700783605e7  0.6  83.6084439770429  6.03127203110655e26  2.604971307024711e51  9.7  10.779888682171073  3.2543859510336794  2.1352223828071403e51  11.7  13.123414189912623  2.874172185255532  1.3895758816565338e6  1.8
3.9669669669669703  1.4052998801847202e8  0.12787082167359218  6862.284850402721  5.37649700783605e7  0.6  83.6084439770429  6.03127203110655e26  2.6036678438009647e51  9.7  10.779888682171073  3.2543859510336794  2.1341539703286597e51  11.7  13.123414189912623  2.874172185255532  1.3894964672313055e6  1.8
3.96846846846847  1.40610716201772e8  0.12783998171427838  6856.15152550649  5.37649700783605e7  0.6  83.6084439770429  6.03127203110655e26  2.602365032797983e51  9.7  10.779888682171073  3.2543859510336794  2.133086092457363e51  11.7  13.123414189912623  2.874172185255532  1.3894171125097666e6  1.8
3.96996996996997  1.40691444385073e8  0.12780915605259505  6850.025080438681  5.37649700783605e7  0.6  83.6084439770429  6.03127203110655e26  2.601062873689409e51  9.7  10.779888682171073  3.2543859510336794  2.1320187489257452e51  11.7  13.123414189912623  2.874172185255532  1.389337817424468e6  1.8
3.9714714714714803  1.40772172568374e8  0.12777834467313057  6843.90550507465  5.37649700783605e7  0.6  83.6084439770429  6.03127203110655e26  2.5997613661490432e51  9.7  10.779888682171073  3.2543859510336794  2.130951939466429e51  11.7  13.123414189912623  2.874172185255532  1.3892585819080616e6  1.8
3.97297297297298  1.4085290075167498e8  0.1277475475604822  6837.792789305719  5.37649700783605e7  0.6  83.6084439770429  6.03127203110655e26  2.5984605098508748e51  9.7  10.779888682171073  3.2543859510336794  2.1298856638121925e51  11.7  13.123414189912623  2.874172185255532  1.389179405893303e6  1.8
3.97447447447448  1.4093362893497598e8  0.1277167646992534  6831.68692303926  5.37649700783605e7  0.6  83.6084439770429  6.03127203110655e26  2.597160304469029e51  9.7  10.779888682171073  3.2543859510336794  2.1288199216959257e51  11.7  13.123414189912623  2.874172185255532  1.3891002893130465e6  1.8
3.97597597597598  1.4101435711827698e8  0.12768599607405565  6825.58789619855  5.37649700783605e7  0.6  83.6084439770429  6.03127203110655e26  2.595860749677804e51  9.7  10.779888682171073  3.2543859510336794  2.1277547128506592e51  11.7  13.123414189912623  2.874172185255532  1.389021232100249e6  1.8
3.97747747747748  1.41095085301578e8  0.12765524166950806  6819.49569872289  5.37649700783605e7  0.6  83.6084439770429  6.03127203110655e26  2.594561845151659e51  9.7  10.779888682171073  3.2543859510336794  2.1266900370095567e51  11.7  13.123414189912623  2.874172185255532  1.3889422341879676e6  1.8
3.9789789789789802  1.41175813484878e8  0.12762450147023655  6813.41032056748  5.37649700783605e7  0.6  83.6084439770429  6.03127203110655e26  2.593263590565219e51  9.7  10.779888682171073  3.2543859510336794  2.125625893905917e51  11.7  13.123414189912623  2.874172185255532  1.3888632955093605e6  1.8
3.98048048048049  1.41256541668179e8  0.12759377546776884  6807.331753066681  5.37649700783605e7  0.6  83.6084439770429  6.03127203110655e26  2.5919659855932602e51  9.7  10.779888682171073  3.2543859510336794  2.1245622832731642e51  11.7  13.123414189912623  2.874172185255532  1.3887844159976859e6  1.8
3.98198198198199  1.4133726985148e8  0.12756306373718096  6801.260004078  5.37649700783605e7  0.6  83.6084439770429  6.03127203110655e26  2.59066902991075e51  9.7  10.779888682171073  3.2543859510336794  2.1234992048448772e51  11.7  13.123414189912623  2.874172185255532  1.3887055955863034e6  1.8
3.9834834834834902  1.41417998034781e8  0.12753236629082362  6795.19506903787  5.37649700783605e7  0.6  83.6084439770429  6.03127203110655e26  2.589372723192791e51  9.7  10.779888682171073  3.2543859510336794  2.1224366583547468e51  11.7  13.123414189912623  2.874172185255532  1.388626834208672e6  1.8
3.9849849849849903  1.41498726218082e8  0.12750168311299193  6789.13693784481  5.37649700783605e7  0.6  83.6084439770429  6.03127203110655e26  2.5880770651146565e51  9.7  10.779888682171073  3.2543859510336794  2.121374643536604e51  11.7  13.123414189912623  2.874172185255532  1.3885481317983503e6  1.8
3.98648648648649  1.4157945440138298e8  0.12747101418798787  6783.08560041369  5.37649700783605e7  0.6  83.6084439770429  6.03127203110655e26  2.5867820553517853e51  9.7  10.779888682171073  3.2543859510336794  2.120313160124414e51  11.7  13.123414189912623  2.874172185255532  1.3884694882889977e6  1.8
3.98798798798799  1.41660182584683e8  0.127440359500124  6777.04104667578  5.37649700783605e7  0.6  83.6084439770429  6.03127203110655e26  2.5854876935797747e51  9.7  10.779888682171073  3.2543859510336794  2.1192522078522745e51  11.7  13.123414189912623  2.874172185255532  1.3883909036143722e6  1.8
3.98948948948949  1.41740910767984e8  0.12740971903372106  6771.00326657873  5.37649700783605e7  0.6  83.6084439770429  6.03127203110655e26  2.5841939794743862e51  9.7  10.779888682171073  3.2543859510336794  2.118191786454415e51  11.7  13.123414189912623  2.874172185255532  1.388312377708332e6  1.8
3.990990990991  1.41821638951285e8  0.12737909277310971  6764.97225008648  5.37649700783605e7  0.6  83.6084439770429  6.03127203110655e26  2.5829009127115354e51  9.7  10.779888682171073  3.2543859510336794  2.1171318956651932e51  11.7  13.123414189912623  2.874172185255532  1.388233910504833e6  1.8
3.9924924924925  1.41902367134586e8  0.1273484807026288  6758.94798717933  5.37649700783605e7  0.6  83.6084439770429  6.03127203110655e26  2.5816084929673253e51  9.7  10.779888682171073  3.2543859510336794  2.1160725352191193e51  11.7  13.123414189912623  2.874172185255532  1.388155501937933e6  1.8
3.993993993994  1.41983095317887e8  0.1273178828066283  6752.93046785385  5.37649700783605e7  0.6  83.6084439770429  6.03127203110655e26  2.5803167199179946e51  9.7  10.779888682171073  3.2543859510336794  2.1150137048508154e51  11.7  13.123414189912623  2.874172185255532  1.3880771519417863e6  1.8
3.9954954954955  1.42063823501188e8  0.1272872990694658  6746.919682122911  5.37649700783605e7  0.6  83.6084439770429  6.03127203110655e26  2.5790255932399538e51  9.7  10.779888682171073  3.2543859510336794  2.1139554042950444e51  11.7  13.123414189912623  2.874172185255532  1.387998860450646e6  1.8
3.9969969969970003  1.42144551684489e8  0.12725672947660477  6740.91562023082  5.37649700783605e7  0.6  83.6084439770429  6.03127203110655e26  2.5777351126097744e51  9.7  10.779888682171073  3.2543859510336794  2.1128976332867005e51  11.7  13.123414189912623  2.874172185255532  1.3879206273988644e6  1.8
3.9984984984985  1.42225279867789e8  0.12722617408875206  6734.918287199321  5.37649700783605e7  0.6  83.6084439770429  6.03127203110655e26  2.5764452777041904e51  9.7  10.779888682171073  3.2543859510336794  2.111840391560812e51  11.7  13.123414189912623  2.874172185255532  1.3878424527208915e6  1.8
4.  1.4230600805109e8  0.1271956329366764  6728.92768215519  5.37649700783605e7  0.6  83.6084439770429  6.03127203110655e26  2.5751560882000963e51  9.7  10.779888682171073  3.2543859510336794  2.110783678852538e51  11.7  13.123414189912623  2.874172185255532  1.3877643363512764e6  1.8